,ID,Country Code,Paper,Dependent,Independent,Year Range,Algorithm,Number of empirical outliers,Target outliers identified,Total outliers identified,Success on target country,F1,Identified outliers,Rows with NaNs,Sample size
0,CHN 1992 - 1995,CHN,Choi 2009,fdi_pc,democracy,1992 - 1995,ACROSS,4,0,100,0.0,0.0,AUS 1995; BWA 1992; BWA 1993; BWA 1994; BGR 1995; CYP 1995; DNK 1992; DNK 1993; DNK 1994; DNK 1995; FIN 1992; FIN 1993; FIN 1994; FIN 1995; FRA 1992; FRA 1994; DEU 1992; DEU 1993; DEU 1994; DEU 1995; GTM 1992; GUY 1992; GUY 1993; GUY 1994; HND 1992; HND 1995; HUN 1993; HUN 1995; ISL 1995; IDN 1992; IDN 1993; ITA 1992; JOR 1992; JOR 1995; KWT 1992; KWT 1993; KWT 1994; KWT 1995; LVA 1992; LBY 1993; LBY 1994; LTU 1992; LTU 1994; MYS 1992; MYS 1993; MYS 1994; MYS 1995; MLI 1992; MLI 1995; MUS 1992; MUS 1993; MEX 1994; MEX 1995; MNG 1992; MAR 1995; NLD 1992; NLD 1993; NLD 1994; NLD 1995; NIC 1993; NER 1993; NGA 1992; NOR 1992; NOR 1995; PAN 1994; PER 1992; PER 1994; SEN 1992; SGP 1992; SGP 1993; SGP 1994; SGP 1995; ZAF 1993; ZAF 1994; ESP 1992; LKA 1993; LKA 1994; SUR 1992; SUR 1993; SUR 1994; SUR 1995; SWE 1992; SWE 1993; SWE 1994; SWE 1995; CHE 1992; CHE 1993; CHE 1994; CHE 1995; TGO 1993; TTO 1993; TTO 1994; TTO 1995; GBR 1993; GBR 1994; GBR 1995; USA 1992; USA 1993; USA 1994; USA 1995,109,461
1,TUN 2011 - 2020,TUN,Bellin 2013,democracy,is_mena,2011 - 2020,ACROSS,9,4,23,0.4444444444444444,0.25,DZA 2016; DZA 2019; IRQ 2011; IRQ 2012; ISR 2011; ISR 2012; ISR 2013; ISR 2014; ISR 2015; JOR 2016; LBN 2013; LBN 2014; LBN 2019; LBY 2011; LBY 2015; LBY 2019; MAR 2013; MAR 2015; MAR 2016; TUN 2012; TUN 2014; TUN 2017; TUN 2019,0,81
2,CRI 1949 - 2015,CRI,Sada 2015,log_gdp_pc; fdi_pc,is_latam,1949 - 2015,ACROSS,47,18,222,0.3829787234042553,0.1338289962825279,ARG 1987; ARG 1991; ARG 1992; ARG 1994; ARG 1995; ARG 1999; ARG 2000; ARG 2000; ARG 2000; ARG 2003; ARG 2006; ARG 2007; ARG 2008; ARG 2009; ARG 2010; ARG 2011; ARG 2012; ARG 2013; ARG 2014; ARG 2015; BOL 1970; BOL 1976; BOL 1989; BOL 1998; BOL 1999; BOL 2002; BOL 2003; BOL 2005; BOL 2009; BOL 2013; BRA 1990; BRA 1991; BRA 1995; BRA 1996; BRA 2000; BRA 2002; BRA 2006; BRA 2009; BRA 2010; BRA 2011; BRA 2012; BRA 2013; BRA 2014; BRA 2015; CHL 1987; CHL 1989; CHL 1993; CHL 1994; CHL 1996; CHL 1997; CHL 1998; CHL 1999; CHL 2001; CHL 2004; CHL 2005; CHL 2006; CHL 2007; CHL 2008; CHL 2009; CHL 2010; CHL 2011; CHL 2012; CHL 2013; CHL 2014; CHL 2015; COL 1997; COL 2006; COL 2007; COL 2008; COL 2010; COL 2011; COL 2012; COL 2013; COL 2014; CRI 1972; CRI 1985; CRI 1993; CRI 1995; CRI 1996; CRI 1998; CRI 2004; CRI 2005; CRI 2006; CRI 2007; CRI 2008; CRI 2009; CRI 2010; CRI 2011; CRI 2012; CRI 2013; CRI 2014; CRI 2015; DOM 1992; DOM 1999; DOM 2001; DOM 2005; DOM 2006; DOM 2007; DOM 2008; DOM 2009; DOM 2010; DOM 2011; DOM 2012; DOM 2013; DOM 2014; DOM 2015; ECU 1976; ECU 1998; ECU 2008; ECU 2010; ECU 2011; SLV 1979; SLV 1998; SLV 2002; SLV 2007; SLV 2010; GTM 2006; GTM 2010; GTM 2011; GTM 2013; HTI 1970; HTI 1971; HTI 1972; HTI 1973; HTI 1974; HTI 1975; HTI 1993; HND 1970; HND 1971; HND 1972; HND 1973; HND 2004; HND 2007; HND 2008; HND 2010; HND 2011; HND 2012; HND 2013; MEX 1981; MEX 1994; MEX 1996; MEX 2000; MEX 2001; MEX 2002; MEX 2003; MEX 2004; MEX 2005; MEX 2007; MEX 2008; MEX 2009; MEX 2010; MEX 2011; MEX 2012; MEX 2013; MEX 2014; MEX 2015; NIC 1997; NIC 2012; NIC 2014; PAN 1970; PAN 1973; PAN 1982; PAN 1984; PAN 1987; PAN 1988; PAN 1997; PAN 1998; PAN 1999; PAN 2000; PAN 2003; PAN 2004; PAN 2005; PAN 2006; PAN 2007; PAN 2008; PAN 2009; PAN 2010; PAN 2011; PAN 2012; PAN 2013; PAN 2014; PAN 2015; PRY 2011; PER 1970; PER 1971; PER 1972; PER 1973; PER 1974; PER 1976; PER 1984; PER 1992; PER 2002; PER 2006; PER 2007; PER 2008; PER 2009; PER 2010; PER 2011; PER 2012; PER 2013; PER 2014; PER 2015; URY 1980; URY 1982; URY 1985; URY 1994; URY 1996; URY 1999; URY 2003; URY 2004; URY 2005; URY 2006; URY 2006; URY 2007; URY 2008; URY 2009; URY 2010; URY 2011; URY 2012; URY 2013; URY 2014; URY 2015,114,838
3,BWA 1990 - 2006,BWA,Iimi 2007,gdp_growth,cpi; natural_resources,1990 - 2006,ACROSS,17,7,400,0.4117647058823529,0.03357314148681055,ALB 1991; ALB 1992; ALB 1995; ALB 1997; ALB 1999; DZA 1991; DZA 1992; DZA 1993; DZA 1994; DZA 1995; DZA 1996; DZA 1997; DZA 1999; DZA 2000; DZA 2001; DZA 2002; DZA 2003; DZA 2004; DZA 2005; DZA 2006; ARG 1995; ARG 1999; ARG 2001; ARG 2002; ARM 1991; ARM 1992; ARM 2002; ARM 2003; ARM 2005; ARM 2006; AUS 1991; AUS 1992; AZE 1990; AZE 1992; AZE 1993; AZE 1994; AZE 1995; AZE 1996; AZE 2000; AZE 2001; AZE 2002; AZE 2003; AZE 2004; AZE 2005; AZE 2006; BGD 1991; BGD 2001; BLR 1992; BLR 1994; BLR 1995; BEN 1990; BIH 1995; BIH 1996; BIH 1997; BIH 1998; BWA 1992; BWA 1993; BWA 1994; BWA 1999; BWA 2000; BWA 2001; BWA 2006; BRA 1990; BGR 1997; BFA 1996; BFA 1998; KHM 1994; KHM 2005; CMR 1990; CMR 1991; CMR 1992; CAN 1990; CAN 1991; CAN 1992; CAN 2000; CHL 1990; CHL 1991; CHL 1992; CHL 1993; CHL 1995; CHL 1996; CHL 1997; CHL 1998; CHL 1999; CHL 2004; CHL 2005; CHL 2006; CHN 1992; CHN 1993; CHN 1994; CHN 2006; CRI 1992; CYP 1992; ECU 1999; ECU 2000; EST 1997; EST 1998; EST 1999; EST 2000; EST 2005; EST 2006; FIN 1991; FIN 1992; FIN 2000; GEO 1990; GEO 1991; GEO 1992; GEO 1993; GEO 1994; GEO 2003; DEU 1993; GIN 1990; GIN 1991; GIN 2003; GIN 2005; GIN 2006; GUY 1990; GUY 1991; GUY 1992; GUY 1993; GUY 1994; GUY 1995; GUY 1996; GUY 1997; GUY 1998; GUY 2000; GUY 2003; GUY 2004; GUY 2005; HTI 1992; HTI 1993; HTI 1994; HTI 1995; HTI 2003; HTI 2004; HTI 2005; HND 1991; ISL 2004; IDN 1998; IRQ 1990; IRQ 1991; IRQ 1992; IRQ 1993; IRQ 1994; IRQ 1995; IRQ 1996; IRQ 1997; IRQ 1998; IRQ 1999; IRQ 2000; IRQ 2001; IRQ 2002; IRQ 2003; IRQ 2004; IRQ 2005; IRQ 2006; IRL 1997; IRL 1999; IRL 2000; ISR 2000; JOR 1992; KAZ 1990; KAZ 1991; KAZ 1994; KAZ 2000; KAZ 2001; KAZ 2002; KAZ 2003; KAZ 2004; KAZ 2005; KAZ 2006; KEN 1992; KWT 1990; KWT 1991; KWT 1992; KWT 1993; KWT 1994; KWT 1995; KWT 1996; KWT 1997; KWT 1998; KWT 1999; KWT 2000; KWT 2001; KWT 2002; KWT 2003; KWT 2004; KWT 2005; KWT 2006; LBN 1990; LBN 1991; LBN 1992; LBR 1990; LBR 1991; LBR 1992; LBR 1993; LBR 1994; LBR 1995; LBR 1996; LBR 1997; LBR 1998; LBR 1999; LBR 2002; LBR 2003; LBR 2004; LBR 2005; LBY 1990; LBY 1991; LBY 1992; LBY 1993; LBY 1994; LBY 1995; LBY 1996; LBY 1997; LBY 1998; LBY 1999; LBY 2000; LBY 2001; LBY 2002; LBY 2003; LBY 2004; LBY 2005; LBY 2006; LTU 1996; MDG 1991; MDG 2002; MWI 1992; MWI 1994; MWI 1995; MWI 1999; MWI 2000; MWI 2001; MYS 1990; MYS 1991; MYS 1992; MYS 1993; MYS 1994; MYS 1995; MYS 1996; MYS 1998; MYS 1999; MYS 2000; MYS 2001; MYS 2002; MLI 1990; MLI 1991; MLI 1992; MLI 2001; MDA 1996; MDA 1999; MNG 1990; MNG 1992; MNG 1993; MNG 2004; MNG 2005; MNG 2006; MNE 1999; MAR 1995; MOZ 1992; MOZ 1993; MOZ 1995; MOZ 1996; MOZ 1997; MOZ 1999; MOZ 2001; NAM 1990; NAM 2004; NZL 1990; NZL 1991; NZL 1992; NZL 1993; NZL 1997; NZL 1999; NER 2000; NGA 1990; NGA 1991; NGA 1992; NGA 1993; NGA 1994; NGA 1995; NGA 1996; NGA 1997; NGA 1999; NGA 2000; NGA 2002; NGA 2003; NGA 2004; NGA 2005; NOR 1990; NOR 1996; NOR 1997; NOR 2000; NOR 2001; NOR 2002; NOR 2003; NOR 2004; NOR 2005; NOR 2006; PRY 1998; PER 1990; PER 1994; PER 2006; ROU 1991; ROU 1997; SRB 1999; SLE 1990; SLE 1991; SLE 1992; SLE 1994; SLE 1995; SLE 1997; SLE 1998; SLE 1999; SLE 2002; SGP 1990; SGP 1993; SGP 1994; SGP 1998; SGP 2000; SGP 2004; SGP 2006; ZAF 1990; ZAF 1991; ZAF 1992; ZAF 1993; ZAF 1998; ZAF 2006; SDN 1990; SDN 1997; SUR 1990; SUR 1991; SUR 1992; SUR 1993; SUR 2004; SWE 1993; TGO 1992; TGO 1993; TGO 1994; TGO 1997; TGO 1998; TGO 2004; TTO 1990; TTO 1991; TTO 1993; TTO 1994; TTO 1995; TTO 1998; TTO 2000; TTO 2001; TTO 2003; TTO 2004; TTO 2005; TTO 2006; TUN 1990; TUN 1992; UGA 1990; UGA 1991; UGA 1992; UGA 1993; UGA 1995; UGA 1996; UGA 2002; UGA 2003; UGA 2006; UKR 1992; UKR 1993; UKR 1994; UKR 1995; UKR 1996; UKR 1997; UKR 2000; URY 2001; URY 2002; URY 2006; URY 2006; UZB 1992; UZB 1993; UZB 2001; UZB 2002; UZB 2003; UZB 2004; UZB 2005; UZB 2006; ZMB 1990; ZMB 1992; ZMB 1998; ZMB 2006; ZWE 1992; ZWE 2000; ZWE 2003; ZWE 2006; USA 1990; USA 1993; USA 1997; USA 2000; USA 2001; USA 2003; USA 2004; USA 2005; USA 2006,988,1966
4,USA 2004 - 2004,USA,"Mor 2022, Karabel and Laurison 2011",disability_adjusted_life_years,healthcare_spending_pc,2004 - 2004,ACROSS,1,1,27,1.0,0.07142857142857142,AUS 2004; AUT 2004; CAN 2004; CRI 2004; HRV 2004; CYP 2004; DNK 2004; GRC 2004; HUN 2004; ISL 2004; IRL 2004; ISR 2004; ITA 2004; KWT 2004; LUX 2004; NLD 2004; NZL 2004; NOR 2004; PRT 2004; SLE 2004; SGP 2004; SVN 2004; ZAF 2004; ESP 2004; CHE 2004; ZWE 2004; USA 2004,2,116
5,USA 2004 - 2011,USA,"Mor 2022, Karabel and Laurison 2011",union_strength; left_representation,log_gdp_pc,2004 - 2011,ACROSS,8,7,273,0.875,0.0498220640569395,ARG 2007; ARM 2005; ARM 2006; ARM 2008; AUS 2010; AUS 2011; AUT 2006; AZE 2004; AZE 2005; AZE 2006; AZE 2007; AZE 2008; AZE 2009; AZE 2010; AZE 2011; BLR 2004; BLR 2005; BLR 2006; BLR 2007; BLR 2008; BLR 2009; BLR 2010; BLR 2011; BEL 2005; BEL 2010; BOL 2005; BOL 2009; BRA 2004; BRA 2010; BGR 2006; BGR 2009; BFA 2006; CHL 2004; CHL 2008; CHN 2004; CHN 2005; CHN 2006; CHN 2007; CHN 2008; CHN 2009; CHN 2010; CHN 2011; DNK 2006; DNK 2010; DNK 2011; EST 2006; EST 2007; EST 2008; EST 2009; EST 2010; EST 2011; GEO 2004; GEO 2005; GEO 2008; DEU 2004; DEU 2005; DEU 2006; DEU 2007; DEU 2008; DEU 2009; DEU 2010; DEU 2011; GRC 2004; GRC 2005; GRC 2007; GRC 2008; GRC 2009; HND 2005; HND 2007; HND 2009; ISL 2004; ISL 2005; ISL 2006; ISL 2007; ISL 2008; ISL 2009; ISL 2011; IND 2004; IND 2005; IND 2006; IDN 2006; IDN 2011; IRQ 2004; IRQ 2005; IRQ 2011; IRL 2005; IRL 2007; IRL 2008; ISR 2007; JPN 2004; JPN 2005; JPN 2006; JPN 2007; JPN 2008; JPN 2009; JPN 2010; JPN 2011; KAZ 2004; KAZ 2005; KAZ 2006; KAZ 2007; KAZ 2008; KAZ 2009; KAZ 2010; KAZ 2011; KWT 2004; KWT 2005; KWT 2007; KWT 2008; KWT 2011; LSO 2004; LSO 2005; LSO 2006; LSO 2007; LSO 2008; LSO 2009; LSO 2010; LSO 2011; LBR 2005; LBR 2011; LBY 2004; LBY 2005; LBY 2006; LBY 2007; LBY 2008; LBY 2009; LBY 2010; LBY 2011; LTU 2004; LTU 2008; LUX 2007; LUX 2008; LUX 2009; LUX 2010; LUX 2011; MDG 2004; MDG 2005; MDG 2006; MDG 2007; MDG 2008; MDG 2009; MDG 2010; MDG 2011; MYS 2009; MEX 2006; MEX 2007; MEX 2009; MNG 2004; MNG 2011; MNE 2009; NLD 2004; NLD 2005; NLD 2006; NLD 2007; NLD 2008; NLD 2009; NLD 2010; NLD 2011; NZL 2008; NZL 2009; NZL 2010; NZL 2011; NIC 2011; NER 2004; NGA 2010; PAK 2004; PAK 2005; PAN 2011; PRY 2004; PRY 2005; PRY 2006; PRY 2007; PRY 2008; PRY 2009; PRY 2010; PRY 2011; PER 2010; PHL 2004; PHL 2005; PHL 2006; PHL 2008; PHL 2010; PHL 2011; POL 2011; PRT 2004; PRT 2005; PRT 2006; ROU 2006; SGP 2004; SGP 2005; SGP 2006; SGP 2007; SGP 2008; SGP 2009; SGP 2010; SGP 2011; SVN 2004; SVN 2008; ZAF 2004; ESP 2004; ESP 2005; ESP 2006; ESP 2007; ESP 2008; ESP 2009; ESP 2010; ESP 2011; LKA 2011; SDN 2004; SDN 2005; SDN 2011; SUR 2004; SUR 2005; SUR 2006; SUR 2007; SUR 2008; SUR 2009; SUR 2010; SUR 2011; SWE 2010; CHE 2007; CHE 2008; CHE 2009; CHE 2010; CHE 2011; TTO 2004; TTO 2008; UGA 2004; UKR 2004; UKR 2005; UKR 2006; UKR 2007; UKR 2008; UKR 2009; UKR 2010; UKR 2011; URY 2004; URY 2006; URY 2006; URY 2007; URY 2008; URY 2009; URY 2010; URY 2011; UZB 2004; UZB 2005; UZB 2006; UZB 2007; UZB 2008; UZB 2009; UZB 2010; UZB 2011; VNM 2004; VNM 2005; VNM 2006; VNM 2007; VNM 2008; VNM 2009; VNM 2010; VNM 2011; ZMB 2005; ZMB 2011; ZWE 2005; ZWE 2006; ZWE 2007; ZWE 2010; USA 2005; USA 2006; USA 2007; USA 2008; USA 2009; USA 2010; USA 2011,698,924
6,IND 2000 - 2015,IND,Ghai 2018,female_workforce_participation,female_literacy; is_mena,2000 - 2015,ACROSS,16,16,567,1.0,0.0548885077186964,DZA 2000; DZA 2001; DZA 2002; DZA 2003; DZA 2004; DZA 2005; DZA 2006; DZA 2007; DZA 2008; DZA 2009; DZA 2010; DZA 2011; DZA 2012; DZA 2013; DZA 2014; DZA 2015; ARG 2007; ARM 2000; ARM 2001; ARM 2002; ARM 2005; ARM 2009; ARM 2010; ARM 2011; ARM 2012; ARM 2013; ARM 2014; ARM 2015; AUS 2007; AZE 2000; AZE 2001; AZE 2002; AZE 2003; AZE 2004; AZE 2005; AZE 2006; AZE 2007; AZE 2008; AZE 2009; AZE 2010; AZE 2011; AZE 2012; AZE 2013; AZE 2014; AZE 2015; BGD 2000; BGD 2001; BGD 2002; BGD 2003; BGD 2004; BGD 2005; BGD 2006; BGD 2007; BGD 2008; BGD 2009; BGD 2010; BGD 2011; BGD 2012; BGD 2013; BGD 2014; BGD 2015; BLR 2005; BLR 2006; BLR 2007; BLR 2008; BLR 2009; BLR 2010; BLR 2011; BLR 2012; BLR 2013; BLR 2014; BLR 2015; BEN 2000; BEN 2006; BEN 2014; BEN 2015; BOL 2000; BOL 2001; BOL 2006; BOL 2009; BOL 2011; BOL 2012; BOL 2013; BOL 2015; BIH 2011; BWA 2003; BWA 2013; BRA 2000; BRA 2003; BRA 2004; BRA 2005; BRA 2007; BRA 2009; BRA 2010; BFA 2001; BFA 2002; BFA 2003; BFA 2004; BFA 2006; BFA 2007; BFA 2014; KHM 2000; KHM 2001; KHM 2003; KHM 2005; KHM 2007; KHM 2009; KHM 2010; KHM 2011; KHM 2012; KHM 2013; KHM 2014; KHM 2015; CMR 2000; CMR 2003; CMR 2004; CMR 2005; CMR 2006; CMR 2007; CMR 2008; CMR 2009; CMR 2010; CMR 2011; CAN 2004; CHN 2000; CHN 2001; CHN 2002; CHN 2003; CHN 2004; CHN 2005; CHN 2006; CHN 2007; CHN 2008; CHN 2009; CHN 2010; CHN 2011; CHN 2012; CHN 2013; CHN 2014; CYP 2011; CYP 2014; ECU 2002; ECU 2003; ECU 2009; ECU 2012; SLV 2007; EST 2006; EST 2008; EST 2009; EST 2010; EST 2011; EST 2012; EST 2013; EST 2015; GEO 2000; GEO 2001; GEO 2002; GEO 2003; GEO 2004; GEO 2005; GEO 2010; GEO 2011; GEO 2012; GEO 2013; GEO 2014; GEO 2015; GHA 2000; GHA 2001; GHA 2002; GHA 2003; GHA 2004; GHA 2005; GHA 2006; GHA 2007; GHA 2008; GHA 2009; GHA 2010; GHA 2011; GHA 2012; GHA 2013; GHA 2014; GHA 2015; GRC 2001; GTM 2002; GTM 2012; GTM 2014; GTM 2015; GIN 2008; GIN 2009; GIN 2010; GIN 2011; GIN 2012; GIN 2013; GIN 2014; GIN 2015; HTI 2000; HTI 2001; HTI 2002; HTI 2003; HTI 2004; HTI 2005; HTI 2006; HTI 2007; HTI 2008; HTI 2009; HTI 2010; HND 2001; HND 2007; HND 2014; HND 2015; ISL 2000; ISL 2001; ISL 2002; ISL 2003; ISL 2004; ISL 2005; ISL 2006; ISL 2007; ISL 2008; ISL 2009; ISL 2010; ISL 2011; ISL 2012; ISL 2013; ISL 2014; ISL 2015; IND 2000; IND 2001; IND 2002; IND 2003; IND 2004; IND 2005; IND 2006; IND 2007; IND 2008; IND 2009; IND 2010; IND 2011; IND 2012; IND 2013; IND 2014; IND 2015; IDN 2004; IRQ 2000; IRQ 2001; IRQ 2002; IRQ 2003; IRQ 2004; IRQ 2005; IRQ 2006; IRQ 2007; IRQ 2008; IRQ 2009; IRQ 2010; IRQ 2011; IRQ 2012; IRQ 2013; IRQ 2014; IRQ 2015; ISR 2001; ISR 2002; ISR 2003; ISR 2004; ISR 2005; ISR 2006; ISR 2007; ISR 2008; ISR 2009; ISR 2010; ISR 2011; ISR 2012; ISR 2013; ISR 2014; ISR 2015; ITA 2000; ITA 2001; JAM 2014; JOR 2000; JOR 2000; JOR 2000; JOR 2001; JOR 2002; JOR 2003; JOR 2004; JOR 2005; JOR 2006; JOR 2007; JOR 2008; JOR 2009; JOR 2010; JOR 2011; JOR 2012; JOR 2013; JOR 2014; JOR 2015; KAZ 2000; KAZ 2001; KAZ 2002; KAZ 2003; KAZ 2004; KAZ 2005; KAZ 2006; KAZ 2007; KAZ 2008; KAZ 2009; KAZ 2010; KAZ 2011; KAZ 2012; KAZ 2013; KAZ 2014; KAZ 2015; KEN 2000; KEN 2007; KWT 2000; KWT 2012; KWT 2013; KWT 2014; KWT 2015; LVA 2008; LBN 2009; LBN 2014; LBN 2015; LSO 2000; LSO 2001; LSO 2002; LSO 2003; LSO 2004; LTU 2000; LTU 2003; MDG 2000; MDG 2001; MDG 2002; MDG 2003; MDG 2004; MDG 2005; MDG 2006; MDG 2007; MDG 2008; MDG 2009; MDG 2010; MDG 2011; MDG 2013; MDG 2014; MDG 2015; MWI 2000; MWI 2001; MWI 2002; MWI 2003; MWI 2004; MWI 2005; MWI 2006; MWI 2007; MWI 2008; MWI 2009; MWI 2010; MWI 2011; MWI 2012; MWI 2013; MWI 2014; MWI 2015; MYS 2012; MYS 2013; MYS 2014; MYS 2015; MLI 2015; MUS 2000; MNG 2010; MAR 2000; MAR 2001; MAR 2002; MAR 2003; MAR 2004; MAR 2005; MAR 2006; MAR 2007; MAR 2008; MAR 2009; MAR 2010; MAR 2011; MAR 2012; MAR 2013; MAR 2014; MAR 2015; MOZ 2000; MOZ 2001; MOZ 2002; MOZ 2003; MOZ 2004; MOZ 2005; MOZ 2006; MOZ 2013; MOZ 2014; MOZ 2015; NAM 2007; NAM 2011; NAM 2014; NZL 2014; NZL 2015; NIC 2000; NIC 2001; NIC 2002; NIC 2007; NIC 2008; NIC 2009; NIC 2010; NIC 2011; NIC 2012; NIC 2013; NIC 2014; NER 2001; NER 2014; NER 2015; NGA 2006; NGA 2008; NGA 2013; NGA 2014; NGA 2015; NOR 2008; PAK 2000; PAK 2001; PAK 2002; PAK 2003; PAK 2004; PAK 2005; PAK 2006; PAK 2007; PAK 2008; PAK 2009; PAK 2010; PAK 2011; PAK 2012; PAK 2013; PAK 2014; PAK 2015; PRY 2015; PER 2004; PER 2005; PER 2006; PER 2007; PER 2008; PER 2009; PER 2010; PER 2011; PER 2012; PER 2013; PER 2014; PER 2015; ROU 2000; SEN 2000; SEN 2001; SEN 2002; SEN 2003; SEN 2004; SEN 2005; SEN 2006; SEN 2007; SEN 2008; SEN 2009; SEN 2010; SEN 2011; SEN 2012; SEN 2013; SEN 2014; SEN 2015; SRB 2010; SLE 2008; SLE 2009; SLE 2011; SLE 2012; SLE 2013; SLE 2014; SLE 2015; SGP 2000; SGP 2014; SGP 2015; ZAF 2007; LKA 2012; SDN 2000; SDN 2001; SDN 2002; SDN 2003; SDN 2004; SDN 2005; SDN 2006; SDN 2007; SDN 2008; SDN 2009; SDN 2010; SDN 2011; SDN 2012; SDN 2013; SDN 2014; SDN 2015; SUR 2008; SUR 2010; SWE 2000; TZA 2000; TZA 2001; TZA 2002; TZA 2003; TZA 2004; TZA 2005; TZA 2006; TZA 2007; TZA 2008; TZA 2009; TZA 2010; TZA 2011; TZA 2012; TZA 2015; THA 2000; THA 2001; THA 2002; THA 2003; THA 2004; THA 2005; THA 2006; THA 2007; THA 2008; THA 2009; THA 2010; THA 2011; THA 2012; THA 2013; THA 2014; THA 2015; TGO 2000; TGO 2011; TGO 2015; TUN 2000; TUN 2001; TUN 2004; TUN 2007; TUN 2008; UGA 2002; UGA 2010; URY 2008; URY 2009; URY 2010; URY 2011; URY 2012; URY 2013; URY 2014; URY 2015; UZB 2005; UZB 2006; UZB 2007; VNM 2000; VNM 2001; VNM 2002; VNM 2003; VNM 2004; VNM 2005; VNM 2006; VNM 2007; VNM 2008; VNM 2009; VNM 2010; VNM 2011; VNM 2012; VNM 2013; VNM 2014; VNM 2015; ZMB 2007; ZMB 2010; ZWE 2011; ZWE 2014,1450,1850
7,BRA 1995 - 2006,BRA,Zaverucha 2009,military_spending_of_gdp,democracy,1995 - 2006,ACROSS,12,4,379,0.3333333333333333,0.020460358056265986,DZA 1995; DZA 1996; DZA 1997; DZA 1998; DZA 1999; DZA 2000; DZA 2001; DZA 2002; DZA 2003; ARG 1995; ARG 1996; ARG 1999; ARG 2004; ARG 2005; ARG 2006; ARM 1995; ARM 1997; ARM 1998; ARM 1999; ARM 2000; AUT 2006; AZE 1999; AZE 2004; AZE 2005; AZE 2006; BLR 1997; BOL 1995; BOL 1996; BOL 2002; BIH 2002; BWA 1995; BWA 1998; BWA 2001; BWA 2002; BWA 2003; BWA 2004; BRA 1995; BRA 2002; BRA 2003; BRA 2004; KHM 1995; KHM 1996; KHM 1997; KHM 1998; KHM 2001; CHL 1995; CHL 1996; CHL 1997; CHL 1998; CHL 2000; CHL 2001; CHL 2002; CHL 2003; CHL 2004; CHL 2005; CHL 2006; COL 1996; COL 1998; COL 1999; COL 2000; COL 2002; COL 2003; COL 2004; COL 2006; HRV 1995; HRV 1996; HRV 1997; HRV 1998; HRV 1999; HRV 2003; HRV 2004; HRV 2005; HRV 2006; CYP 1995; CYP 1996; CYP 1997; CYP 1998; CYP 2000; CYP 2002; CYP 2003; CYP 2004; CYP 2006; DNK 1996; DNK 1997; DNK 1998; DNK 2000; DNK 2002; DNK 2003; DNK 2004; DNK 2005; DNK 2006; DOM 1995; FRA 1995; FRA 1996; FRA 1997; FRA 1998; FRA 1999; GEO 2001; GEO 2005; GEO 2006; DEU 2001; DEU 2002; DEU 2005; GHA 1996; GRC 1996; GRC 1997; GRC 1998; GRC 1999; GRC 2000; GRC 2002; GRC 2003; GRC 2004; GIN 2002; GIN 2003; GUY 1997; GUY 2004; HTI 1995; HTI 1996; HTI 1997; HTI 1998; HTI 1999; HTI 2000; HTI 2001; HTI 2002; HTI 2003; HTI 2004; HTI 2005; HTI 2006; HUN 1997; HUN 1999; HUN 2000; HUN 2004; IND 2005; IDN 2003; IDN 2004; IRQ 2006; IRL 1995; IRL 1998; IRL 1999; ISR 1995; ISR 1996; ISR 1997; ISR 1998; ISR 1999; ISR 2000; ISR 2001; ISR 2002; ISR 2003; ISR 2004; ISR 2005; ISR 2006; ITA 1995; JOR 1995; JOR 1996; JOR 1997; JOR 1998; JOR 1999; JOR 2000; JOR 2000; JOR 2000; JOR 2001; JOR 2002; JOR 2003; JOR 2004; JOR 2005; JOR 2006; KAZ 1999; KAZ 2000; KEN 2001; KWT 1995; KWT 1996; KWT 1997; KWT 1998; KWT 1999; KWT 2000; KWT 2001; KWT 2002; KWT 2003; KWT 2004; KWT 2005; KWT 2006; LVA 1995; LVA 1999; LVA 2000; LVA 2001; LVA 2006; LBN 1995; LBN 1996; LBN 1997; LBN 1998; LBN 1999; LBN 2000; LBN 2001; LBN 2002; LBN 2003; LBN 2004; LBN 2005; LBN 2006; LSO 1995; LSO 1999; LSO 2000; LBR 2004; LBY 1997; LBY 1998; LBY 1999; LBY 2000; LBY 2002; LBY 2003; LBY 2004; MYS 1996; MYS 2006; MUS 2001; MUS 2002; MUS 2003; MUS 2004; MUS 2005; MUS 2006; MEX 1997; MDA 1999; MNG 1995; MNG 1997; MNG 1998; MNG 1999; MNG 2003; MNG 2004; MAR 1995; MAR 1996; MAR 1997; MAR 1998; MAR 2000; MAR 2001; MAR 2002; MAR 2003; NAM 1999; NZL 1999; NIC 1995; NIC 1996; NER 1996; NGA 1996; NGA 1997; NGA 1998; NGA 1999; NOR 1995; NOR 1996; NOR 1997; NOR 1998; NOR 2003; PAK 1995; PAK 1996; PAK 1997; PAK 1998; PAK 1999; PAK 2000; PAK 2001; PAK 2002; PAK 2003; PAK 2004; PAK 2005; PAK 2006; PAN 1998; PER 1995; PER 2001; PER 2004; PER 2006; PRT 1996; ROU 1995; ROU 1999; ROU 2004; SEN 1995; SEN 1996; SEN 2000; SEN 2006; SRB 1995; SRB 1996; SRB 1997; SRB 1998; SRB 1999; SRB 2000; SRB 2001; SRB 2002; SRB 2003; SLE 1995; SLE 1998; SLE 2000; SLE 2004; SGP 1995; SGP 1996; SGP 1997; SGP 1998; SGP 1999; SGP 2000; SGP 2001; SGP 2002; SGP 2003; SGP 2004; SGP 2005; SGP 2006; SVN 2004; SVN 2005; ZAF 1997; ZAF 1998; ZAF 1999; ZAF 2000; ZAF 2003; ZAF 2004; ZAF 2005; LKA 1995; LKA 1996; LKA 1997; LKA 1998; LKA 1999; LKA 2000; LKA 2001; LKA 2002; LKA 2003; LKA 2004; LKA 2005; SDN 1995; SDN 1996; SDN 1997; SDN 1999; SDN 2000; SDN 2001; SDN 2002; SDN 2004; SDN 2005; SDN 2006; SWE 1995; SWE 1996; SWE 2002; SWE 2003; SWE 2004; SWE 2005; SWE 2006; CHE 2001; CHE 2004; CHE 2005; CHE 2006; THA 1996; THA 1997; TGO 1995; TTO 2001; UGA 1995; UGA 2006; UKR 1997; UKR 1999; UKR 2001; UKR 2004; GBR 1997; GBR 1998; GBR 1999; GBR 2000; GBR 2001; GBR 2002; GBR 2003; GBR 2004; GBR 2005; GBR 2006; URY 1997; URY 1998; URY 1999; URY 2000; URY 2001; URY 2002; URY 2003; UZB 1997; UZB 2001; VNM 2005; ZWE 2001; ZWE 2002; USA 1995; USA 1996; USA 1997; USA 2001; USA 2002; USA 2003; USA 2004; USA 2005; USA 2006,144,1390
8,MEX 1948 - 2008,MEX,Brennan et al. 2022,human_rights,democracy,1948 - 2008,ACROSS,39,18,1777,0.46153846153846156,0.019823788546255508,ALB 1970; ALB 1971; ALB 1972; ALB 1973; ALB 1974; ALB 1975; ALB 1976; ALB 1977; ALB 1978; ALB 1979; ALB 1980; ALB 1981; ALB 1982; ALB 1983; ALB 1984; ALB 1985; ALB 1986; ALB 1987; ALB 1988; ALB 1989; ALB 1990; ALB 1999; ALB 2001; ALB 2002; ALB 2003; ALB 2006; ALB 2007; ALB 2008; DZA 1970; DZA 1971; DZA 1972; DZA 1973; DZA 1974; DZA 1975; DZA 1976; DZA 1992; DZA 1993; ARG 1973; ARG 1974; ARG 1975; ARG 1983; ARG 1983; ARG 1990; ARG 1991; ARG 1992; ARG 1993; ARG 1994; ARG 1995; ARG 1996; ARG 1997; ARG 1998; ARG 1999; ARG 2001; ARG 2003; ARG 2004; ARG 2005; ARG 2006; ARG 2007; ARG 2008; ARM 1990; ARM 1993; ARM 1994; ARM 1995; ARM 1996; ARM 1997; ARM 1998; ARM 1999; ARM 2000; ARM 2001; ARM 2002; ARM 2003; ARM 2004; ARM 2005; ARM 2006; ARM 2007; ARM 2008; AUT 1976; AUT 1977; AUT 1978; AUT 1979; AZE 1990; AZE 1996; AZE 1997; AZE 1998; AZE 2002; AZE 2006; BGD 1971; BGD 1986; BGD 2002; BGD 2003; BGD 2006; BLR 1990; BLR 1992; BLR 1993; BLR 1994; BLR 1995; BLR 1996; BLR 1997; BLR 1998; BLR 2001; BLR 2003; BLR 2004; BLR 2005; BLR 2006; BLR 2007; BLR 2008; BEN 1973; BEN 1974; BEN 1975; BEN 1976; BEN 1977; BEN 1978; BEN 1979; BEN 1980; BEN 1981; BEN 1982; BEN 1983; BEN 1984; BEN 1985; BEN 1986; BEN 1987; BEN 1988; BEN 1989; BEN 1990; BEN 1991; BEN 2006; BEN 2008; BOL 1970; BOL 1971; BOL 1972; BOL 1973; BOL 1974; BOL 1975; BOL 1976; BOL 1977; BOL 1978; BOL 1979; BOL 1980; BOL 1981; BOL 1983; BOL 1984; BOL 1985; BOL 1986; BIH 2001; BIH 2002; BIH 2003; BIH 2004; BIH 2005; BIH 2006; BIH 2007; BWA 1984; BWA 1985; BWA 1986; BWA 1987; BWA 1988; BWA 1989; BWA 1990; BWA 1991; BWA 1992; BWA 1993; BWA 1994; BWA 1995; BWA 1996; BWA 1997; BWA 1998; BWA 1999; BWA 2000; BWA 2001; BWA 2002; BWA 2003; BWA 2004; BWA 2005; BWA 2006; BWA 2007; BWA 2008; BRA 1975; BRA 1978; BRA 1983; BRA 1985; BRA 1986; BRA 1987; BRA 1988; BRA 1989; BRA 1990; BRA 1991; BRA 1992; BGR 1970; BGR 1971; BGR 1972; BGR 1973; BGR 1974; BGR 1975; BGR 1976; BGR 1977; BGR 1978; BGR 1979; BGR 1980; BGR 1981; BGR 1982; BGR 1983; BGR 1984; BGR 1985; BGR 1986; BGR 1987; BGR 1988; BGR 1990; BGR 1992; BGR 1993; BGR 1994; BGR 1995; BGR 1996; BGR 1997; BGR 1998; BGR 1999; BGR 2000; BGR 2001; BGR 2002; BGR 2003; BGR 2004; BGR 2005; BGR 2006; BGR 2007; BGR 2008; BFA 1978; BFA 1998; BFA 1999; KHM 1975; KHM 1976; KHM 1977; KHM 1978; KHM 1979; KHM 1980; KHM 1981; KHM 1982; KHM 1983; KHM 1984; KHM 1985; KHM 1986; KHM 1987; KHM 1988; KHM 1989; KHM 1990; KHM 1991; KHM 1992; KHM 2001; CMR 1980; CMR 1981; CMR 1982; CMR 1991; CMR 1992; CAN 1984; CAN 1996; CAN 1997; CAN 1998; CAN 1999; CAN 2000; CAN 2006; CAN 2008; CHL 1970; CHL 1971; CHL 1973; CHL 1974; CHL 1975; CHL 1976; CHL 1977; CHL 1978; CHL 1979; CHL 1980; CHL 1981; CHL 1982; CHL 1983; CHL 1984; CHL 1985; CHL 1986; CHL 1988; CHL 1989; CHL 1990; CHL 1991; CHL 1992; CHL 1993; CHL 1996; CHL 1997; CHL 1998; CHL 2002; CHL 2003; CHL 2004; CHN 1970; CHN 1971; CHN 1972; CHN 1973; CHN 1974; CHN 1975; CHN 1976; CHN 1977; CHN 1978; CHN 1987; CHN 1988; CHN 1998; CHN 1999; CHN 2000; CHN 2001; CHN 2002; CHN 2003; CHN 2004; CHN 2005; CHN 2006; CHN 2007; CHN 2008; COL 1970; COL 1971; COL 1972; COL 1973; COL 1974; COL 1978; COL 1979; COL 1980; COL 1981; COL 1982; COL 1983; COL 1986; COL 1987; COL 1988; COL 1989; COL 1990; COL 1991; COL 1992; COL 1993; COL 1994; COL 1995; COL 1996; COL 1997; COL 1998; COL 1999; COL 2000; COL 2001; COL 2002; COL 2006; COL 2007; COL 2008; CRI 1970; CRI 1980; CRI 1981; CRI 1986; CRI 1987; CRI 1988; HRV 1994; HRV 1996; HRV 1997; HRV 1998; HRV 1999; HRV 2000; HRV 2001; HRV 2002; HRV 2003; HRV 2004; HRV 2005; HRV 2006; HRV 2007; HRV 2008; CYP 1970; CYP 1971; CYP 1972; CYP 1973; CYP 1974; CYP 1981; CYP 1988; CYP 1989; CYP 1990; CYP 1991; CYP 1992; CYP 1993; CYP 1994; CYP 1995; CYP 1996; CYP 1997; CYP 1998; CYP 1999; CYP 2000; CYP 2001; CYP 2002; CYP 2003; CYP 2004; CYP 2005; CYP 2006; CYP 2007; CYP 2008; DNK 1970; DNK 1972; DNK 1973; DNK 2005; DNK 2006; DNK 2007; DNK 2008; DOM 1978; DOM 1979; DOM 1980; DOM 1981; DOM 1982; DOM 1983; DOM 1984; DOM 1985; DOM 1986; DOM 1987; DOM 1988; DOM 1989; DOM 1990; DOM 1991; DOM 1992; DOM 1993; DOM 1994; DOM 1995; DOM 1996; ECU 1970; ECU 1971; ECU 1972; ECU 1973; ECU 1978; ECU 1979; ECU 1980; ECU 1984; ECU 1985; ECU 2008; SLV 1970; SLV 1971; SLV 1972; SLV 1973; SLV 1974; SLV 1975; SLV 1976; SLV 1977; SLV 1978; SLV 1979; SLV 1980; SLV 1981; SLV 1982; SLV 1983; SLV 1984; SLV 1985; SLV 1986; SLV 1987; SLV 1988; SLV 1989; SLV 1990; SLV 1991; SLV 1993; SLV 1994; SLV 1995; SLV 1996; SLV 1997; SLV 2002; SLV 2003; SLV 2004; SLV 2005; SLV 2006; SLV 2007; SLV 2008; EST 1990; EST 1992; EST 1993; EST 1995; EST 1996; EST 1997; EST 1998; EST 2000; EST 2001; FIN 1984; FIN 1985; FRA 1970; FRA 1972; GEO 1991; GEO 1995; GEO 1996; GEO 1997; GEO 1999; GEO 2000; GEO 2003; GEO 2005; GEO 2007; DEU 1978; GHA 1972; GHA 1978; GHA 1981; GHA 1982; GHA 1987; GHA 1988; GHA 1989; GHA 1992; GHA 1994; GHA 1996; GHA 2000; GHA 2001; GHA 2002; GHA 2003; GHA 2004; GHA 2005; GHA 2006; GHA 2007; GHA 2008; GRC 1974; GRC 1975; GRC 1976; GRC 1994; GTM 1970; GTM 1971; GTM 1972; GTM 1973; GTM 1974; GTM 1975; GTM 1976; GTM 1977; GTM 1978; GTM 1979; GTM 1980; GTM 1981; GTM 1982; GTM 1983; GTM 1984; GTM 1985; GTM 1986; GTM 1987; GTM 1988; GTM 1989; GTM 1990; GTM 1991; GTM 1992; GTM 1993; GTM 1994; GTM 1995; GTM 1996; GTM 1999; GTM 2004; GTM 2007; GTM 2008; GIN 1970; GIN 1971; GIN 1972; GIN 1973; GIN 1974; GIN 1975; GIN 1976; GIN 1977; GIN 1978; GIN 1979; GIN 1980; GIN 1981; GIN 1982; GIN 1983; GIN 1984; GIN 1985; GIN 1986; GIN 1987; GIN 1988; GIN 1989; GIN 1990; GIN 1992; GIN 1993; GIN 1994; GIN 2008; GUY 1970; GUY 1971; GUY 1972; GUY 1973; GUY 1974; GUY 1975; GUY 1976; GUY 1977; GUY 1978; GUY 1979; GUY 1986; GUY 1987; GUY 1988; GUY 1989; GUY 1990; GUY 1991; GUY 1992; GUY 1998; GUY 1999; HTI 1970; HTI 1971; HTI 1972; HTI 1973; HTI 1974; HTI 1975; HTI 1976; HTI 1977; HTI 1978; HTI 1978; HTI 1979; HTI 1980; HTI 1981; HTI 1982; HTI 1983; HTI 1984; HTI 1985; HTI 1986; HTI 1995; HTI 1996; HTI 1997; HTI 1998; HTI 1999; HTI 2000; HTI 2001; HTI 2002; HTI 2003; HTI 2004; HTI 2005; HTI 2006; HTI 2007; HTI 2008; HND 1970; HND 1971; HND 1972; HND 1973; HND 1974; HND 1975; HND 1976; HND 1977; HND 1978; HND 1978; HND 1979; HND 1982; HND 1987; HND 1994; HND 1995; HND 1997; HND 1998; HND 2000; HUN 1970; HUN 1971; HUN 1972; HUN 1973; HUN 1974; HUN 1975; HUN 1976; HUN 1977; HUN 1978; HUN 1979; HUN 1980; HUN 1990; ISL 1980; ISL 1981; ISL 1982; ISL 1983; ISL 1984; ISL 1985; IND 1970; IND 1974; IND 1977; IND 1978; IND 1981; IND 1982; IND 1983; IND 1984; IND 1990; IND 1991; IND 1992; IND 1993; IND 1994; IND 1995; IND 1996; IND 1997; IND 1998; IND 1999; IND 2000; IND 2001; IND 2002; IND 2003; IND 2004; IND 2005; IND 2006; IND 2007; IND 2008; IDN 1973; IDN 1992; IDN 1993; IDN 1994; IDN 1995; IDN 1996; IDN 1997; IDN 1998; IDN 2000; IDN 2001; IDN 2003; IDN 2004; IDN 2005; IDN 2006; IDN 2007; IDN 2008; IRQ 1970; IRQ 1971; IRQ 1972; IRQ 1973; IRQ 1974; IRQ 1975; IRQ 1976; IRQ 1977; IRQ 1978; IRQ 1979; IRQ 1980; IRQ 1981; IRQ 1982; IRQ 1983; IRQ 1984; IRQ 1985; IRQ 1986; IRQ 1987; IRQ 1988; IRQ 1989; IRQ 1990; IRQ 1991; IRQ 1992; IRQ 1993; IRQ 1994; IRQ 1995; IRQ 1996; IRQ 1997; IRQ 1998; IRQ 1999; IRQ 2000; IRQ 2001; IRQ 2002; IRQ 2006; IRQ 2007; IRQ 2008; IRL 1987; IRL 1989; IRL 2007; ISR 1970; ISR 1971; ISR 1972; ISR 1973; ISR 1974; ISR 1975; ISR 1976; ISR 1977; ISR 1978; ISR 1979; ISR 1980; ISR 1981; ISR 1982; ISR 1983; ISR 1983; ISR 1984; ISR 1985; ISR 1986; ISR 1986; ISR 1987; ISR 1988; ISR 1989; ISR 1990; ISR 1991; ISR 1992; ISR 1993; ISR 1994; ISR 1995; ISR 1996; ISR 1997; ISR 1998; ISR 1999; ISR 2003; ISR 2004; ISR 2005; ISR 2007; ISR 2008; ITA 1970; ITA 1971; ITA 1972; ITA 1973; ITA 1974; ITA 1975; ITA 1979; ITA 1980; ITA 1983; JAM 1977; JAM 1978; JAM 1979; JAM 1980; JAM 1988; JAM 1989; JAM 1990; JAM 1991; JAM 1992; JAM 1993; JAM 2000; JAM 2001; JAM 2002; JAM 2003; JAM 2004; JAM 2005; JAM 2006; JAM 2007; JPN 1994; JPN 1995; JPN 1996; JPN 1997; JPN 1998; JPN 1999; JOR 2001; JOR 2002; KAZ 1990; KAZ 1991; KAZ 1994; KAZ 1996; KAZ 1997; KAZ 1998; KAZ 2000; KAZ 2003; KEN 1970; KEN 1971; KEN 1972; KEN 1973; KEN 1974; KEN 1975; KEN 1976; KEN 1977; KEN 1978; KEN 1979; KEN 1980; KEN 1981; KEN 1982; KEN 1990; KEN 1991; KEN 1992; KEN 1993; KEN 2003; KEN 2004; KEN 2005; KEN 2006; KEN 2007; KEN 2008; KWT 1975; KWT 1976; KWT 2001; KWT 2002; LVA 1990; LVA 1992; LVA 1993; LVA 1994; LVA 1995; LVA 1996; LVA 1997; LVA 1998; LVA 2000; LVA 2001; LVA 2002; LVA 2004; LVA 2005; LVA 2006; LVA 2007; LVA 2008; LBN 1970; LBN 1971; LBN 1972; LBN 2005; LBN 2006; LBN 2007; LBN 2008; LSO 1970; LSO 1986; LSO 1995; LSO 1996; LSO 1997; LSO 1998; LSO 1999; LSO 2000; LSO 2001; LBR 1970; LBR 1980; LBR 1984; LBR 1985; LBR 1986; LBR 1987; LBR 1988; LBR 1989; LBR 1990; LBR 1992; LBR 1993; LBR 2002; LBR 2004; LBR 2005; LBY 1970; LBY 1971; LBY 1972; LBY 1973; LBY 1974; LBY 1975; LBY 1976; LBY 1977; LBY 1978; LBY 1979; LBY 1980; LBY 1981; LBY 1982; LBY 1983; LBY 1984; LBY 1985; LBY 1986; LBY 1987; LBY 1988; LBY 1989; LBY 1990; LBY 1991; LBY 1992; LBY 1993; LBY 1994; LBY 1995; LBY 1996; LBY 1997; LBY 1998; LBY 1999; LBY 2000; LBY 2001; LBY 2002; LBY 2003; LBY 2004; LBY 2005; LBY 2006; LBY 2007; LBY 2008; LTU 1991; LTU 1993; LTU 1994; LTU 1995; LTU 1996; LTU 1998; LTU 2000; LTU 2001; LTU 2002; LTU 2003; MDG 1972; MDG 1988; MDG 1992; MDG 1993; MDG 1997; MDG 1998; MDG 1999; MDG 2000; MDG 2001; MDG 2003; MDG 2004; MDG 2005; MDG 2006; MDG 2007; MDG 2008; MWI 1970; MWI 1971; MWI 1972; MWI 1973; MWI 1974; MWI 1975; MWI 1976; MWI 1977; MWI 1978; MWI 1979; MWI 1980; MWI 1981; MWI 1982; MWI 1983; MWI 1984; MWI 1985; MWI 1986; MWI 1987; MWI 1988; MWI 1989; MWI 1990; MWI 1991; MWI 1992; MWI 1993; MWI 1994; MWI 1995; MWI 1996; MWI 1997; MWI 1998; MWI 1999; MWI 2000; MWI 2001; MWI 2002; MWI 2003; MYS 1978; MYS 1979; MYS 1981; MYS 1989; MYS 2007; MYS 2008; MLI 1980; MLI 1991; MLI 1998; MLI 1999; MLI 2000; MLI 2001; MLI 2002; MLI 2007; MLI 2008; MUS 1971; MUS 1976; MUS 1977; MUS 1978; MUS 1979; MUS 1980; MUS 1981; MUS 1982; MUS 1983; MUS 1984; MUS 1985; MUS 1986; MUS 1987; MUS 1988; MUS 1989; MUS 1990; MUS 1991; MUS 1992; MUS 1993; MUS 1994; MUS 1995; MUS 1996; MUS 1997; MUS 1998; MUS 1999; MEX 1978; MEX 1979; MEX 1980; MEX 1981; MEX 1982; MEX 1983; MEX 1984; MEX 1985; MEX 1986; MEX 1987; MEX 1993; MEX 1996; MEX 1997; MEX 2000; MEX 2001; MEX 2002; MEX 2003; MEX 2006; MDA 1990; MDA 1996; MNG 1970; MNG 1971; MNG 1972; MNG 1973; MNG 1974; MNG 1975; MNG 1976; MNG 1977; MNG 1978; MNG 1979; MNG 1980; MNG 1981; MNG 1982; MNG 1983; MNG 1984; MNG 1985; MNG 1986; MNG 1987; MNG 1988; MNG 1989; MNG 1991; MNG 1993; MNG 1994; MNG 1995; MNG 1996; MNG 1997; MNG 1998; MNG 1999; MNG 2000; MNG 2001; MNG 2002; MNG 2003; MNG 2004; MNG 2005; MNG 2006; MNG 2007; MNG 2008; MNE 1998; MNE 2001; MNE 2002; MNE 2003; MNE 2004; MNE 2005; MNE 2006; MNE 2007; MNE 2008; MAR 1970; MAR 1971; MAR 1972; MAR 1973; MAR 1974; MAR 1975; MAR 1990; MAR 1991; MAR 1992; MAR 1996; MAR 1997; MAR 1998; MOZ 1970; MOZ 1971; MOZ 1972; MOZ 1973; MOZ 1974; MOZ 1975; MOZ 1976; MOZ 1977; MOZ 1978; MOZ 1979; MOZ 1980; MOZ 1981; MOZ 1982; MOZ 1983; MOZ 1984; MOZ 1985; MOZ 1986; MOZ 1987; MOZ 1988; MOZ 1989; MOZ 1992; MOZ 1994; NAM 1970; NAM 1971; NAM 1972; NAM 1973; NAM 1974; NAM 1975; NAM 1976; NAM 1977; NAM 1978; NAM 1979; NAM 1989; NAM 1995; NAM 1996; NAM 1997; NAM 1998; NAM 2000; NAM 2005; NAM 2006; NAM 2006; NLD 1972; NLD 2006; NIC 1970; NIC 1971; NIC 1972; NIC 1973; NIC 1974; NIC 1975; NIC 1976; NIC 1977; NIC 1979; NIC 1982; NIC 1983; NIC 1986; NIC 1989; NIC 1992; NIC 1995; NIC 1996; NIC 1999; NIC 2000; NIC 2002; NIC 2006; NIC 2007; NIC 2008; NER 1970; NER 1971; NER 1972; NER 1973; NER 1975; NER 1976; NER 1977; NER 1978; NER 1979; NER 1980; NER 1981; NER 1982; NER 1983; NER 1984; NER 1985; NER 1986; NER 1987; NER 1990; NER 1991; NER 1992; NER 1993; NER 1994; NER 1996; NER 1997; NER 1998; NER 1999; NGA 1979; NGA 1983; NGA 1989; NGA 1998; NGA 1999; NGA 2000; NGA 2001; NGA 2002; NGA 2003; NOR 1970; NOR 1971; NOR 1972; PAK 1971; PAK 1978; PAK 1986; PAK 1987; PAK 1988; PAK 2008; PAN 1990; PAN 1995; PAN 1996; PAN 1997; PAN 2000; PAN 2001; PAN 2002; PAN 2003; PAN 2004; PAN 2005; PAN 2006; PAN 2007; PAN 2008; PRY 1970; PRY 1971; PRY 1972; PRY 1973; PRY 1974; PRY 1975; PRY 1976; PRY 1977; PRY 1978; PRY 1979; PRY 1980; PRY 1981; PRY 1982; PRY 1983; PRY 1984; PRY 1985; PRY 1986; PRY 1987; PRY 1988; PRY 1990; PRY 1991; PRY 1993; PRY 1994; PRY 1995; PRY 1996; PRY 1997; PRY 1998; PRY 1999; PRY 2000; PRY 2000; PRY 2001; PRY 2002; PRY 2004; PRY 2005; PRY 2006; PRY 2007; PER 1970; PER 1971; PER 1972; PER 1973; PER 1974; PER 1975; PER 1976; PER 1977; PER 1978; PER 1979; PER 1981; PER 1982; PER 1983; PER 1984; PER 1985; PER 1986; PER 1987; PER 1988; PER 1989; PER 1990; PER 1991; PER 2001; PER 2002; PER 2006; PER 2007; PER 2008; PHL 1970; PHL 1973; PHL 1974; PHL 1975; PHL 1976; PHL 1977; PHL 1978; PHL 1979; PHL 1980; PHL 1987; PHL 1988; PHL 1989; PHL 1992; PHL 1998; PHL 1999; PHL 2000; PHL 2001; POL 1982; POL 1990; PRT 1970; PRT 1971; PRT 1972; PRT 1973; PRT 1974; PRT 1975; PRT 1976; PRT 1977; PRT 1978; PRT 1979; ROU 1970; ROU 1971; ROU 1972; ROU 1973; ROU 1974; ROU 1975; ROU 1976; ROU 1977; ROU 1978; ROU 1979; ROU 1980; ROU 1981; ROU 1982; ROU 1983; ROU 1984; ROU 1985; ROU 1986; ROU 1987; ROU 1988; ROU 1989; ROU 1991; ROU 1992; ROU 2005; ROU 2006; ROU 2008; SEN 1970; SEN 1971; SEN 1972; SEN 1973; SEN 1974; SEN 1975; SEN 1976; SEN 1977; SEN 1978; SEN 1979; SEN 1990; SEN 1993; SEN 1994; SEN 2000; SEN 2001; SRB 1997; SRB 2000; SRB 2001; SRB 2002; SRB 2005; SRB 2006; SRB 2007; SRB 2008; SLE 1972; SLE 1981; SLE 1982; SLE 1983; SLE 1984; SLE 1985; SLE 1986; SLE 1987; SLE 1988; SLE 1989; SLE 1990; SLE 1991; SLE 1992; SLE 1993; SLE 1994; SLE 1995; SLE 1999; SLE 2002; SLE 2003; SGP 1970; SGP 1971; SGP 1972; SGP 1973; SGP 1974; SGP 1975; SGP 1976; SGP 1977; SGP 1978; SGP 1979; SGP 1980; SGP 1981; SGP 1982; SGP 1983; SGP 1984; SGP 1985; SGP 1986; SGP 1987; SGP 1988; SGP 1989; SGP 1990; SGP 1991; SGP 1992; SGP 1993; SGP 1994; SGP 1995; SGP 1996; SGP 1999; SGP 2007; SVN 1989; SVN 2003; ZAF 1970; ZAF 1971; ZAF 1972; ZAF 1973; ZAF 1974; ZAF 1975; ZAF 1976; ZAF 1977; ZAF 1978; ZAF 1979; ZAF 1980; ZAF 1981; ZAF 1982; ZAF 1983; ZAF 1984; ZAF 1985; ZAF 1986; ZAF 1987; ZAF 1988; ZAF 1989; ZAF 1990; ZAF 1991; ZAF 1992; ZAF 1993; ZAF 1994; ZAF 1996; ZAF 1997; ZAF 1999; ZAF 2000; ZAF 2001; ZAF 2002; ZAF 2003; ZAF 2004; ZAF 2005; ZAF 2006; ZAF 2007; ZAF 2008; ESP 1975; ESP 1977; ESP 1978; ESP 1979; ESP 2004; LKA 1970; LKA 1972; LKA 1980; LKA 1981; LKA 1982; LKA 1983; LKA 1984; LKA 1985; LKA 1987; LKA 1988; LKA 1989; LKA 1990; LKA 1991; LKA 1992; LKA 1993; LKA 1995; LKA 1996; LKA 1997; LKA 1998; LKA 1999; LKA 2002; LKA 2003; LKA 2004; LKA 2007; LKA 2008; SDN 1971; SDN 1984; SDN 1988; SDN 1989; SDN 1990; SDN 1991; SDN 1992; SDN 1993; SDN 1994; SDN 1995; SDN 1996; SDN 1997; SDN 1998; SDN 1999; SDN 2000; SDN 2001; SDN 2002; SDN 2003; SDN 2004; SDN 2005; SDN 2007; SUR 1970; SUR 1971; SUR 1972; SUR 1973; SUR 1974; SUR 1976; SUR 1977; SUR 1978; SUR 1979; SUR 1985; SUR 1986; SUR 1987; SUR 1988; SUR 1989; SUR 1990; SUR 1991; SUR 1992; SUR 1993; SUR 1994; SUR 1995; SWE 1970; SWE 1974; SWE 1975; SWE 1976; SWE 2006; SWE 2007; SWE 2008; CHE 1970; CHE 1971; CHE 1990; TZA 1985; TZA 1986; TZA 1988; TZA 1989; TZA 1991; THA 1972; THA 1976; THA 1981; THA 1982; THA 1983; THA 1988; THA 1989; THA 1990; THA 1996; THA 1998; THA 1999; THA 2000; THA 2001; THA 2003; THA 2004; THA 2005; THA 2006; THA 2008; TGO 1970; TGO 1971; TGO 1972; TGO 1973; TGO 1974; TGO 1975; TGO 1976; TGO 1977; TGO 1978; TGO 1979; TGO 1980; TGO 1981; TGO 1982; TGO 1983; TGO 1984; TGO 1985; TGO 1986; TGO 1987; TGO 1988; TGO 1989; TGO 2006; TGO 2007; TGO 2008; TTO 1980; TTO 1981; TTO 1982; TTO 1983; TTO 1984; TTO 1985; TTO 1986; TTO 1987; TTO 1988; TTO 1989; TTO 1990; TTO 1991; TTO 1992; TTO 1993; TTO 1994; TTO 1995; TTO 1996; TTO 1997; TTO 1998; TTO 1999; TTO 2000; TTO 2001; TTO 2002; TTO 2003; TTO 2004; TTO 2005; TTO 2006; TTO 2007; TUN 1988; TUN 1989; TUN 1990; TUN 1991; TUN 1992; TUN 1993; TUN 1994; TUN 1995; TUN 1996; TUN 1997; TUN 1998; TUN 1999; TUN 2000; TUN 2001; TUN 2002; TUN 2003; TUN 2004; TUN 2005; TUN 2006; TUN 2007; TUN 2008; UGA 1970; UGA 1971; UGA 1972; UGA 1973; UGA 1974; UGA 1975; UGA 1976; UGA 1977; UGA 1978; UGA 1979; UGA 1980; UGA 1981; UGA 1982; UGA 1983; UGA 1984; UGA 1985; UGA 1986; UGA 1990; UGA 1992; UGA 1994; UGA 1999; UGA 2000; UGA 2001; UGA 2005; UGA 2006; UGA 2008; UKR 1990; UKR 1991; UKR 1992; UKR 1995; UKR 1998; UKR 1999; UKR 2000; UKR 2001; UKR 2002; UKR 2003; UKR 2004; UKR 2005; UKR 2007; UKR 2008; GBR 1990; GBR 1991; GBR 1992; GBR 1993; GBR 1994; GBR 1995; GBR 1996; GBR 1997; GBR 1998; GBR 2001; GBR 2006; GBR 2007; GBR 2008; URY 1970; URY 1971; URY 1972; URY 1974; URY 1975; URY 1976; URY 1977; URY 1978; URY 1979; URY 1980; URY 1981; URY 1982; URY 1983; URY 1984; URY 1985; URY 1986; URY 1994; URY 1995; URY 2006; URY 2006; URY 2007; URY 2008; UZB 1970; UZB 1971; UZB 1972; UZB 1973; UZB 1974; UZB 1975; UZB 1976; UZB 1977; UZB 1978; UZB 1979; UZB 1980; UZB 1981; UZB 1982; UZB 1983; UZB 1984; UZB 1985; UZB 1986; UZB 1987; UZB 1988; UZB 1989; UZB 1990; UZB 1992; UZB 1993; UZB 1994; UZB 1995; UZB 1996; UZB 1997; UZB 1998; UZB 1999; UZB 2000; UZB 2001; UZB 2002; UZB 2003; UZB 2004; UZB 2005; UZB 2006; UZB 2007; UZB 2008; VNM 1986; VNM 1987; VNM 1988; VNM 1989; ZMB 1996; ZMB 2001; ZMB 2002; ZMB 2003; ZMB 2004; ZMB 2006; ZMB 2008; ZWE 1970; ZWE 1971; ZWE 1972; ZWE 1973; ZWE 1974; ZWE 1975; ZWE 1976; ZWE 1977; ZWE 1978; ZWE 1979; ZWE 1980; ZWE 1984; ZWE 2000; ZWE 2001; ZWE 2002; ZWE 2003; USA 1960; USA 1963; USA 1964; USA 1965; USA 1966; USA 1967; USA 1968; USA 1969; USA 1970; USA 1971; USA 1973; USA 1974; USA 1978; USA 1979; USA 2005; USA 2006; USA 2007,314,4517
9,HUN 2010 - 2023,HUN,"Bogaards 2018, Ágh 2016, Buzogány 2017",democracy,is_eu,2010 - 2023,ACROSS,10,9,62,0.9,0.25,AUT 2016; BGR 2010; BGR 2011; BGR 2013; BGR 2014; BGR 2015; BGR 2017; BGR 2018; BGR 2019; HRV 2014; HRV 2015; HRV 2016; HRV 2017; CYP 2019; EST 2015; EST 2016; EST 2017; EST 2018; FIN 2010; FIN 2012; FRA 2010; FRA 2011; DEU 2010; DEU 2011; DEU 2012; DEU 2013; GRC 2011; GRC 2016; HUN 2010; HUN 2011; HUN 2013; HUN 2014; HUN 2015; HUN 2016; HUN 2017; HUN 2018; HUN 2019; ITA 2011; LVA 2010; LTU 2012; LTU 2015; LTU 2019; POL 2014; POL 2015; POL 2016; POL 2017; POL 2018; POL 2019; PRT 2010; PRT 2018; ROU 2010; ROU 2011; ROU 2012; ROU 2013; ROU 2015; ROU 2017; ROU 2018; ROU 2019; SVN 2015; SVN 2018; ESP 2015; SWE 2019,0,240
10,SGP 1965 - 2005,SGP,"Yeo et al. 2022, Siddiqui 2010",gdp_growth,democracy,1965 - 2005,ACROSS,36,16,1142,0.4444444444444444,0.027164685908319188,ALB 1983; ALB 1985; ALB 1989; ALB 1990; ALB 1991; ALB 1992; ALB 1993; ALB 1995; ALB 1997; ALB 1999; ALB 2001; DZA 1971; DZA 1972; DZA 1974; DZA 1979; DZA 1981; DZA 1992; DZA 1996; DZA 1997; DZA 2001; DZA 2005; ARG 1972; ARG 1973; ARG 1975; ARG 1978; ARG 1979; ARG 1981; ARG 1984; ARG 1985; ARG 1988; ARG 1989; ARG 1990; ARG 1992; ARG 1995; ARG 1997; ARG 1998; ARG 1999; ARG 2001; ARG 2002; ARG 2004; ARM 1990; ARM 1991; ARM 1992; ARM 1993; ARM 1994; ARM 1996; ARM 2001; ARM 2002; ARM 2003; ARM 2004; ARM 2005; AUS 1977; AUS 1990; AUT 1972; AUT 1973; AUT 1974; AUT 1998; AUT 1999; AUT 2001; AZE 1992; AZE 1993; AZE 1994; AZE 1995; AZE 1998; AZE 2000; AZE 2001; AZE 2002; AZE 2003; AZE 2004; AZE 2005; BGD 1971; BGD 1972; BGD 1974; BGD 1975; BGD 1979; BGD 1984; BGD 1988; BGD 1989; BGD 2001; BLR 1992; BLR 1993; BLR 1994; BLR 1995; BLR 1996; BLR 1997; BLR 2001; BLR 2004; BLR 2005; BEL 2001; BEL 2004; BEN 1971; BEN 1975; BEN 1978; BEN 1981; BEN 1983; BEN 1984; BEN 1989; BEN 1991; BOL 1972; BOL 1975; BOL 1978; BOL 1982; BOL 1983; BOL 1985; BOL 1986; BOL 1988; BOL 1999; BIH 1970; BIH 1971; BIH 1972; BIH 1973; BIH 1974; BIH 1975; BIH 1976; BIH 1977; BIH 1978; BIH 1979; BIH 1980; BIH 1981; BIH 1982; BIH 1983; BIH 1984; BIH 1985; BIH 1986; BIH 1987; BIH 1988; BIH 1989; BIH 1990; BIH 1991; BIH 1992; BIH 1993; BIH 1994; BIH 1995; BIH 1996; BIH 1997; BIH 1998; BIH 1999; BIH 2000; BWA 1970; BWA 1971; BWA 1972; BWA 1973; BWA 1974; BWA 1975; BWA 1976; BWA 1977; BWA 1978; BWA 1979; BWA 1980; BWA 1982; BWA 1983; BWA 1984; BWA 1986; BWA 1987; BWA 1988; BWA 1989; BWA 1990; BWA 1992; BWA 1995; BWA 1996; BWA 1997; BWA 1999; BRA 1970; BRA 1971; BRA 1972; BRA 1973; BRA 1976; BRA 1981; BRA 1983; BRA 1985; BRA 1990; BRA 1992; BRA 2003; BGR 1988; BGR 1989; BGR 1990; BGR 1991; BGR 1992; BGR 1993; BGR 1995; BGR 1997; BGR 1999; BGR 2004; BFA 1975; BFA 1982; BFA 1986; BFA 1996; BFA 2000; BFA 2002; BFA 2003; KHM 1975; KHM 1994; KHM 1995; KHM 1996; KHM 1997; KHM 1999; KHM 2000; KHM 2004; KHM 2005; CMR 1974; CMR 1975; CMR 1976; CMR 1977; CMR 1978; CMR 1981; CMR 1983; CMR 1984; CMR 1985; CMR 1988; CMR 1990; CMR 1991; CMR 1992; CMR 1993; CAN 1982; CHL 1971; CHL 1972; CHL 1973; CHL 1974; CHL 1975; CHL 1977; CHL 1979; CHL 1980; CHL 1982; CHL 1983; CHL 1984; CHL 1985; CHL 1988; CHL 1989; CHL 1991; CHL 1992; CHL 1993; CHL 1996; CHL 2004; CHN 1970; CHN 1973; CHN 1978; CHN 1980; CHN 1983; CHN 1984; CHN 1985; CHN 1987; CHN 1988; CHN 1991; CHN 1992; CHN 1993; CHN 1994; CHN 1995; CHN 1996; CHN 1997; CHN 1998; CHN 2003; CHN 2004; CHN 2005; COL 1970; COL 1971; COL 1977; COL 1980; COL 1986; COL 1988; COL 1990; COL 1992; COL 1999; COL 2000; CRI 1970; CRI 1971; CRI 1973; CRI 1975; CRI 1977; CRI 1982; CRI 1984; CRI 1992; CRI 1993; HRV 1992; HRV 1993; HRV 1994; HRV 1995; HRV 1997; CYP 1976; CYP 1977; CYP 1978; CYP 1979; CYP 1984; CYP 1988; CYP 1989; CYP 1990; CYP 1991; CYP 1992; CYP 1993; CYP 1996; CYP 2005; DOM 1970; DOM 1971; DOM 1972; DOM 1973; DOM 1976; DOM 1980; DOM 1981; DOM 1984; DOM 1985; DOM 1987; DOM 1990; DOM 1992; DOM 1993; DOM 1996; DOM 2003; DOM 2005; ECU 1970; ECU 1973; ECU 1974; ECU 1975; ECU 1976; ECU 1977; ECU 1983; ECU 1989; ECU 1999; ECU 2001; ECU 2002; ECU 2003; ECU 2004; SLV 1972; SLV 1979; SLV 1980; SLV 1981; SLV 1982; SLV 1987; SLV 1993; SLV 2000; SLV 2001; SLV 2005; EST 1985; EST 1990; EST 1991; EST 1997; EST 2000; EST 2002; EST 2004; EST 2005; FIN 1972; FIN 1973; FIN 1985; FIN 1987; FIN 1991; FIN 1992; FIN 1996; FRA 1975; FRA 1979; FRA 1981; FRA 1983; FRA 1998; FRA 2002; GEO 1970; GEO 1972; GEO 1975; GEO 1976; GEO 1978; GEO 1979; GEO 1983; GEO 1986; GEO 1989; GEO 1990; GEO 1991; GEO 1992; GEO 1993; GEO 1994; GEO 1996; GEO 1997; GEO 1999; GEO 2000; GEO 2001; GEO 2003; GEO 2005; DEU 2004; GHA 1970; GHA 1972; GHA 1974; GHA 1975; GHA 1976; GHA 1978; GHA 1981; GHA 1983; GHA 1987; GHA 1997; GHA 2001; GRC 1971; GRC 1972; GRC 1973; GRC 1974; GRC 1976; GTM 1972; GTM 1976; GTM 1977; GTM 1980; GTM 1982; GTM 1983; GTM 1987; GTM 1996; GTM 1997; GIN 1994; GIN 1999; GIN 2000; GIN 2003; GIN 2005; GUY 1970; GUY 1972; GUY 1973; GUY 1977; GUY 1980; GUY 1982; GUY 1983; GUY 1984; GUY 1986; GUY 1988; GUY 1989; GUY 1990; GUY 1992; GUY 1996; GUY 2000; GUY 2002; GUY 2005; HTI 1973; HTI 1975; HTI 1976; HTI 1977; HTI 1978; HTI 1978; HTI 1980; HTI 1981; HTI 1982; HTI 1989; HTI 1992; HTI 1993; HTI 1994; HTI 1995; HTI 1996; HTI 1997; HTI 1999; HND 1970; HND 1971; HND 1973; HND 1976; HND 1977; HND 1988; HND 1990; HND 1991; HND 1999; HND 2001; HUN 1989; HUN 1990; HUN 1992; ISL 2004; IND 1970; IND 1974; IND 1976; IND 1979; IND 1980; IND 1983; IND 1988; IND 1990; IND 1992; IND 1993; IND 1994; IND 1997; IND 1999; IND 2001; IND 2002; IND 2003; IND 2004; IND 2005; IDN 1978; IDN 1980; IDN 1981; IDN 1984; IDN 1989; IDN 1995; IDN 1996; IDN 1997; IDN 1998; IRQ 1972; IRQ 1974; IRQ 1975; IRQ 1976; IRQ 1978; IRQ 1979; IRQ 1980; IRQ 1983; IRQ 1987; IRQ 1989; IRQ 1990; IRQ 1991; IRQ 1992; IRQ 1993; IRQ 1994; IRQ 1996; IRQ 1997; IRQ 1998; IRQ 1999; IRQ 2000; IRQ 2001; IRQ 2002; IRQ 2003; IRQ 2004; IRQ 2005; IRL 1977; IRL 1995; IRL 1997; IRL 1998; IRL 1999; IRL 2000; IRL 2004; ISR 1970; ISR 1971; ISR 1972; ISR 1973; ISR 2002; ITA 1975; ITA 1983; ITA 1996; JAM 1970; JAM 1972; JAM 1973; JAM 1974; JAM 1976; JAM 1977; JAM 1980; JAM 1981; JAM 1984; JAM 1985; JAM 1987; JAM 1990; JAM 1993; JAM 1995; JAM 1996; JAM 1997; JAM 1998; JAM 2004; JAM 2005; JPN 1972; JPN 1973; JPN 1976; JPN 1983; JPN 1988; JPN 1994; JOR 1978; JOR 1979; JOR 1980; JOR 1981; JOR 1985; JOR 1989; JOR 1991; JOR 1992; JOR 1995; JOR 1998; KAZ 1991; KAZ 1992; KAZ 1993; KAZ 1994; KAZ 1995; KAZ 1997; KAZ 2000; KAZ 2001; KAZ 2002; KAZ 2003; KAZ 2004; KAZ 2005; KEN 1970; KEN 1971; KEN 1972; KEN 1973; KEN 1974; KEN 1977; KEN 1984; KEN 2003; KWT 1976; KWT 1977; KWT 1978; KWT 1979; KWT 1980; KWT 1986; KWT 1987; KWT 1988; KWT 1989; KWT 1993; KWT 2003; KWT 2004; KWT 2005; LVA 1991; LVA 1992; LVA 1993; LVA 2005; LBN 1989; LBN 1990; LBN 1991; LBN 1992; LBN 1993; LBN 1993; LBN 1996; LSO 1973; LSO 1974; LSO 1975; LSO 1976; LSO 1977; LSO 1978; LSO 1978; LSO 1980; LSO 1994; LBR 2003; LBY 1970; LBY 1971; LBY 1972; LBY 1973; LBY 1974; LBY 1975; LBY 1976; LBY 1977; LBY 2003; LBY 2005; LTU 1990; LTU 1991; LTU 1992; LTU 1993; LTU 2000; LTU 2001; LTU 2002; LTU 2003; LTU 2004; LTU 2005; LUX 1970; LUX 1972; LUX 1975; LUX 1982; LUX 1986; LUX 1989; LUX 1998; LUX 2000; MDG 1973; MDG 1975; MDG 1976; MDG 1977; MDG 1978; MDG 1979; MDG 1981; MDG 1984; MDG 1985; MDG 1987; MDG 1989; MDG 1991; MDG 1992; MDG 2001; MDG 2002; MDG 2003; MWI 1971; MWI 1972; MWI 1975; MWI 1978; MWI 1981; MWI 1982; MWI 1987; MWI 1992; MWI 1993; MWI 1994; MWI 1995; MWI 2001; MYS 1971; MYS 1972; MYS 1973; MYS 1974; MYS 1976; MYS 1977; MYS 1979; MYS 1980; MYS 1982; MYS 1983; MYS 1984; MYS 1986; MYS 1988; MYS 1991; MYS 1993; MYS 1995; MYS 1996; MYS 1997; MYS 1998; MYS 1999; MYS 2004; MLI 1970; MLI 1971; MLI 1975; MLI 1976; MLI 1979; MLI 1980; MLI 1982; MLI 1985; MLI 1988; MLI 1991; MLI 1992; MLI 2001; MLI 2003; MUS 1976; MUS 1977; MUS 1980; MUS 1986; MUS 1988; MUS 1992; MUS 2000; MUS 2002; MUS 2004; MEX 1973; MEX 1979; MEX 1981; MEX 1983; MEX 1984; MEX 1986; MEX 1992; MEX 1995; MEX 1997; MEX 1999; MEX 2001; MEX 2003; MDA 1990; MDA 1991; MDA 1992; MDA 1993; MDA 1994; MDA 1995; MDA 1996; MDA 1998; MDA 1999; MDA 2002; MNG 1970; MNG 1971; MNG 1972; MNG 1973; MNG 1974; MNG 1975; MNG 1976; MNG 1977; MNG 1978; MNG 1979; MNG 1980; MNG 1981; MNG 1986; MNG 1990; MNG 1991; MNG 1992; MNG 1993; MNG 1997; MNG 2000; MNG 2004; MNE 1999; MNE 2005; MAR 1972; MAR 1973; MAR 1976; MAR 1979; MAR 1982; MAR 1986; MAR 1988; MAR 1989; MAR 1992; MAR 1994; MAR 1995; MAR 1996; MAR 1999; MAR 2003; MOZ 1983; MOZ 1984; MOZ 1987; MOZ 1988; MOZ 1992; MOZ 1993; MOZ 1996; MOZ 1997; MOZ 1998; MOZ 1999; MOZ 2000; MOZ 2001; MOZ 2002; MOZ 2004; NAM 1986; NAM 1993; NAM 1994; NAM 2001; NAM 2004; NLD 1993; NZL 1992; NZL 1996; NIC 1974; NIC 1978; NIC 1979; NIC 1985; NIC 1988; NIC 1991; NIC 1992; NIC 2000; NER 1972; NER 1973; NER 1975; NER 1977; NER 1978; NER 1981; NER 1983; NER 1984; NER 1985; NER 1988; NER 1991; NER 1998; NER 1999; NER 2000; NGA 1970; NGA 1971; NGA 1974; NGA 1975; NGA 1978; NGA 1979; NGA 1980; NGA 1981; NGA 1982; NGA 1983; NGA 1988; NGA 1990; NGA 2001; NGA 2002; NGA 2004; NOR 1992; PAK 1970; PAK 1974; PAK 1978; PAK 1979; PAK 1980; PAK 1981; PAK 1991; PAK 1993; PAK 2002; PAN 1971; PAN 1974; PAN 1975; PAN 1976; PAN 1977; PAN 1978; PAN 1980; PAN 1983; PAN 1986; PAN 1987; PAN 1988; PAN 1991; PAN 1994; PAN 1996; PAN 1998; PAN 2004; PRY 1973; PRY 1975; PRY 1977; PRY 1978; PRY 1979; PRY 1980; PRY 1983; PRY 1984; PRY 2004; PER 1974; PER 1978; PER 1979; PER 1980; PER 1983; PER 1986; PER 1987; PER 1988; PER 1989; PER 1990; PER 1994; PER 1995; PER 1996; PHL 1984; PHL 1985; PHL 1987; POL 1991; POL 2001; PRT 1970; PRT 1972; PRT 1973; PRT 1974; PRT 1975; PRT 1976; PRT 1977; PRT 1992; ROU 1991; ROU 1992; ROU 1993; ROU 1997; ROU 1998; ROU 2004; SEN 1973; SEN 1974; SEN 1977; SEN 1978; SEN 1981; SEN 1982; SEN 1983; SEN 1991; SEN 2002; SEN 2003; SRB 1993; SRB 1994; SRB 1995; SRB 1996; SRB 1999; SLE 1975; SLE 1978; SLE 1982; SLE 1984; SLE 1985; SLE 1986; SLE 1988; SLE 1991; SLE 1992; SLE 1995; SLE 1996; SLE 1997; SLE 1998; SLE 2001; SLE 2002; SLE 2003; SGP 1970; SGP 1971; SGP 1972; SGP 1973; SGP 1978; SGP 1979; SGP 1980; SGP 1981; SGP 1987; SGP 1988; SGP 1989; SGP 1990; SGP 1993; SGP 1994; SGP 2001; SGP 2004; SVN 1990; SVN 1991; SVN 1992; SVN 1994; SVN 2000; ZAF 1972; ZAF 1974; ZAF 1975; ZAF 1979; ZAF 1989; ZAF 1993; ZAF 1999; ZAF 2003; ESP 1973; ESP 1977; ESP 1982; ESP 2005; LKA 1980; LKA 1982; LKA 1986; LKA 1987; LKA 1995; LKA 1997; LKA 1999; LKA 2000; LKA 2001; SDN 1972; SDN 1974; SDN 1975; SDN 1976; SDN 1977; SDN 1978; SDN 1979; SDN 1981; SDN 1984; SDN 1985; SDN 1987; SDN 1990; SDN 1994; SDN 1997; SUR 1970; SUR 1974; SUR 1975; SUR 1977; SUR 1978; SUR 1979; SUR 1980; SUR 1982; SUR 1983; SUR 1987; SUR 1988; SUR 1989; SUR 1990; SUR 1991; SUR 1992; SUR 1993; SUR 1995; SUR 2004; SWE 1974; SWE 1976; SWE 1982; SWE 2000; CHE 1985; CHE 1993; CHE 1994; TZA 1993; TZA 2005; THA 1970; THA 1973; THA 1976; THA 1977; THA 1978; THA 1981; THA 1987; THA 1988; THA 1989; THA 1990; THA 1992; THA 1994; THA 1997; THA 1998; THA 2005; TGO 1970; TGO 1978; TGO 1979; TGO 1980; TGO 1981; TGO 1982; TGO 1983; TGO 1989; TGO 1992; TGO 1993; TGO 1994; TGO 1995; TGO 1997; TGO 1999; TGO 2003; TGO 2005; TTO 1976; TTO 1977; TTO 1978; TTO 1980; TTO 1983; TTO 1984; TTO 1985; TTO 1986; TTO 1987; TTO 1988; TTO 1990; TTO 1992; TTO 1993; TTO 1994; TTO 1999; TTO 2000; TTO 2002; TTO 2003; TTO 2004; TUN 1970; TUN 1971; TUN 1972; TUN 1974; TUN 1976; TUN 1980; TUN 1983; TUN 1987; TUN 1989; TUN 1990; TUN 1992; TUN 1998; TUN 2001; TUN 2004; UGA 1985; UGA 1993; UGA 1995; UGA 1996; UGA 1999; UGA 2004; UGA 2005; UKR 1990; UKR 1991; UKR 1992; UKR 1993; UKR 1994; UKR 1995; UKR 1996; UKR 1997; UKR 1999; UKR 2003; UKR 2004; GBR 1970; GBR 1973; URY 1972; URY 1975; URY 1979; URY 1982; URY 1983; URY 1987; URY 1989; URY 1991; URY 1992; URY 2001; URY 2002; UZB 1992; UZB 1994; UZB 1996; UZB 2001; UZB 2002; UZB 2004; VNM 1986; VNM 1987; VNM 1989; VNM 1993; VNM 1995; VNM 1996; VNM 1999; ZMB 1970; ZMB 1977; ZMB 1979; ZMB 1981; ZMB 1982; ZMB 1985; ZMB 1988; ZMB 1994; ZMB 1995; ZMB 2003; ZMB 2004; ZWE 1970; ZWE 1977; ZWE 1978; ZWE 1980; ZWE 1981; ZWE 1983; ZWE 1984; ZWE 1987; ZWE 1992; ZWE 1995; ZWE 1996; ZWE 1998; ZWE 2000; ZWE 2002; ZWE 2003; ZWE 2004; ZWE 2005; USA 1968; USA 1970; USA 1989,799,4164
11,TZA 1992 - 2020,TZA,"Malipula 2014, Rwengabo 2016",peace,ethnic_fractionalization,1992 - 2020,ACROSS,28,19,809,0.6785714285714286,0.04540023894862604,ALB 1992; ALB 1993; ALB 1994; ALB 1997; ALB 2007; ALB 2012; ALB 2019; DZA 1992; ARG 1993; ARG 1995; ARG 1998; ARG 1999; ARG 2000; ARG 2000; ARG 2000; ARG 2001; ARG 2002; ARG 2003; ARG 2004; ARG 2011; ARG 2013; ARM 1998; ARM 2000; ARM 2001; ARM 2005; ARM 2007; ARM 2008; AUS 1998; AUS 2004; AUS 2005; AUS 2006; AUS 2007; AUS 2008; AUS 2009; AUS 2010; AUS 2011; AUS 2012; AUS 2013; AUT 2006; AZE 1992; AZE 1993; AZE 1994; AZE 1995; AZE 1996; AZE 1997; AZE 1998; AZE 1999; AZE 2000; AZE 2001; AZE 2002; AZE 2003; AZE 2004; AZE 2005; AZE 2006; AZE 2007; AZE 2008; AZE 2009; AZE 2010; AZE 2011; AZE 2012; AZE 2013; AZE 2019; BLR 1992; BLR 1993; BLR 1994; BLR 1995; BLR 1996; BLR 1997; BLR 2001; BLR 2005; BLR 2006; BLR 2007; BLR 2008; BLR 2009; BLR 2010; BLR 2011; BLR 2012; BLR 2013; BLR 2014; BLR 2015; BLR 2016; BLR 2017; BLR 2018; BLR 2019; BEL 1992; BEL 1993; BEL 1994; BEL 1998; BEL 2007; BEL 2008; BEL 2019; BEN 1992; BEN 1993; BEN 1994; BEN 1995; BEN 1996; BEN 1997; BEN 1998; BEN 1999; BEN 2000; BEN 2001; BEN 2002; BEN 2003; BEN 2004; BEN 2005; BEN 2006; BEN 2008; BEN 2009; BEN 2012; BEN 2019; BOL 1995; BOL 1996; BOL 1997; BOL 2005; BOL 2006; BOL 2010; BOL 2011; BWA 2010; BWA 2011; BGR 1993; BGR 2000; BGR 2001; BGR 2012; CAN 1995; CAN 2001; CAN 2012; CHL 1992; CHL 1993; CHL 1994; CHL 1998; CHL 1999; CHL 2000; CHL 2001; CHL 2002; CHL 2003; CHL 2004; CHL 2010; CHL 2017; CHL 2018; CHL 2019; CHN 1992; CHN 1995; CHN 1996; CHN 1997; CHN 1998; CHN 1999; CHN 2000; CHN 2001; CHN 2002; CHN 2005; CHN 2008; CHN 2013; COL 1995; COL 1996; COL 1997; COL 1998; COL 1999; COL 2000; COL 2001; COL 2002; COL 2003; COL 2004; COL 2005; COL 2012; COL 2014; COL 2015; COL 2016; COL 2019; CRI 2007; CRI 2008; CRI 2009; CRI 2010; CRI 2013; HRV 2002; DNK 1992; DNK 2000; DNK 2001; DNK 2003; DNK 2007; DNK 2014; DNK 2015; DNK 2016; DNK 2017; DNK 2018; DNK 2019; DOM 2004; DOM 2014; DOM 2015; DOM 2016; DOM 2017; DOM 2018; ECU 1995; ECU 1997; ECU 1998; ECU 1999; ECU 2000; ECU 2001; ECU 2004; ECU 2006; ECU 2009; EST 1992; EST 1993; EST 1994; EST 1995; EST 1996; EST 1997; EST 1998; EST 1999; EST 2000; EST 2010; EST 2011; EST 2012; EST 2013; EST 2014; EST 2015; EST 2016; EST 2017; EST 2018; GEO 1995; GEO 1996; GEO 1998; GEO 1999; GEO 2008; GEO 2010; GHA 1995; GHA 1996; GHA 1997; GHA 1998; GHA 1999; GHA 2003; GHA 2004; GHA 2006; GHA 2007; GHA 2008; GHA 2009; GHA 2012; GHA 2014; GRC 2011; GRC 2012; GRC 2013; GRC 2019; GUY 1995; GUY 1999; GUY 2000; GUY 2001; GUY 2003; GUY 2004; GUY 2015; GUY 2016; GUY 2017; GUY 2018; GUY 2019; HND 1993; HND 1994; HUN 2000; HUN 2007; HUN 2008; HUN 2009; HUN 2010; HUN 2011; HUN 2012; HUN 2013; IND 1992; IND 1993; IND 1994; IND 1995; IND 1996; IND 1997; IND 1998; IND 1999; IND 2000; IND 2001; IND 2002; IND 2003; IND 2009; IND 2010; IND 2011; IND 2012; IND 2016; IND 2017; IND 2018; IND 2019; IDN 1992; IDN 1993; IDN 1994; IDN 1995; IDN 1996; IDN 1997; IDN 1998; IDN 1999; IDN 2000; IDN 2001; IDN 2002; IDN 2004; IDN 2005; IDN 2006; IDN 2007; IDN 2010; IDN 2011; IDN 2012; IDN 2013; IDN 2014; IDN 2015; IDN 2016; IDN 2017; IDN 2018; IDN 2019; IRQ 1992; IRQ 1993; IRQ 1994; IRQ 1995; IRQ 1996; IRQ 1997; IRQ 1998; IRQ 1999; IRQ 2000; IRQ 2001; IRQ 2002; IRQ 2003; IRQ 2004; IRQ 2005; IRQ 2006; IRQ 2007; IRQ 2008; IRQ 2009; IRQ 2010; IRQ 2011; IRQ 2012; IRQ 2013; IRQ 2014; IRQ 2015; IRQ 2016; IRQ 2017; IRQ 2018; IRQ 2019; IRL 1994; IRL 1998; IRL 1999; IRL 2000; ISR 1992; ISR 1999; ISR 2000; ISR 2001; ISR 2002; ISR 2005; ISR 2006; ISR 2007; ISR 2008; ISR 2009; ISR 2012; ISR 2013; ISR 2019; ITA 1992; ITA 2014; ITA 2015; ITA 2016; JAM 1992; JAM 1993; JAM 1994; JAM 1995; JAM 2001; JAM 2002; JAM 2003; JAM 2004; JAM 2005; JAM 2006; JAM 2007; JAM 2008; JAM 2009; JAM 2013; JAM 2014; JAM 2015; JAM 2016; JAM 2017; JAM 2018; JAM 2019; JPN 2005; JPN 2017; JPN 2018; JOR 2012; KAZ 1992; KAZ 1993; KAZ 1995; KAZ 1996; KAZ 2002; KEN 1992; KEN 1993; KEN 1994; KEN 1995; KEN 1996; KEN 1997; KEN 1998; KEN 1999; KEN 2000; KEN 2001; KEN 2002; KEN 2003; KEN 2004; KEN 2005; KEN 2006; KEN 2007; KEN 2008; KEN 2009; KEN 2010; KEN 2011; KEN 2019; LVA 2000; LBR 1992; LBR 1993; LBR 1994; LBR 1995; LBR 1996; LBR 1997; LBR 1998; LBR 1999; LBR 2000; LBR 2001; LBR 2002; LBR 2003; LBR 2004; LBR 2005; LBR 2006; LBR 2007; LBR 2008; LBR 2009; LBR 2010; LBR 2011; LBR 2012; LBR 2013; LBR 2014; LBR 2015; LBR 2016; LBR 2017; LBR 2018; LBR 2019; LTU 2002; MDG 2002; MDG 2007; MDG 2014; MDG 2015; MDG 2016; MDG 2017; MDG 2018; MDG 2019; MLI 1992; MLI 1993; MLI 1994; MLI 1995; MLI 1996; MLI 1997; MLI 1998; MLI 1999; MLI 2000; MLI 2001; MLI 2002; MLI 2003; MLI 2004; MLI 2005; MLI 2006; MLI 2007; MLI 2008; MLI 2009; MLI 2010; MLI 2011; MLI 2012; MLI 2013; MLI 2014; MLI 2015; MLI 2016; MLI 2017; MLI 2018; MLI 2019; MEX 1994; MEX 1997; MEX 1998; MEX 2007; MEX 2008; MEX 2009; MEX 2010; MDA 1993; MDA 2003; MDA 2005; MDA 2006; MDA 2008; MDA 2009; NAM 1992; NAM 1993; NAM 1994; NAM 1995; NAM 1998; NAM 1999; NAM 2007; NAM 2008; NAM 2009; NAM 2010; NAM 2011; NAM 2012; NAM 2013; NAM 2014; NAM 2015; NAM 2016; NAM 2017; NAM 2018; NAM 2019; NLD 1992; NLD 1993; NZL 1994; NZL 1999; NZL 2000; NZL 2002; NZL 2006; NZL 2009; NZL 2010; NZL 2012; NZL 2013; NIC 1992; NIC 1993; NIC 1994; NIC 1995; NIC 1996; NIC 1997; NIC 1998; NIC 1999; NIC 2000; NIC 2001; NIC 2002; NIC 2003; NIC 2004; NIC 2006; NIC 2007; NIC 2008; NIC 2012; NIC 2013; NOR 1992; NOR 2000; PAK 1992; PAK 1993; PAK 1994; PAK 1995; PAK 1996; PAK 1997; PAK 1998; PAK 1999; PAK 2000; PAK 2001; PAK 2002; PAK 2003; PAK 2004; PAK 2005; PAK 2006; PAK 2007; PAK 2008; PAK 2009; PAK 2010; PAK 2011; PAK 2012; PAK 2013; PAK 2014; PAK 2015; PAK 2016; PAK 2017; PAK 2018; PAK 2019; PAN 1997; PAN 2003; PAN 2005; PAN 2006; PAN 2007; PAN 2008; PAN 2009; PAN 2013; PAN 2019; PER 1992; PER 1993; PER 1994; PER 1995; PER 1996; PER 1997; PER 1998; PER 1999; PER 2000; PER 2006; PER 2012; PER 2013; PER 2014; PER 2015; PER 2016; PER 2017; PER 2018; PER 2019; PHL 2007; PHL 2010; PHL 2011; PHL 2012; PHL 2013; POL 1992; POL 1993; POL 1994; POL 1995; POL 1996; POL 1997; POL 1998; POL 1999; POL 2000; POL 2001; POL 2002; POL 2003; POL 2005; POL 2014; POL 2015; POL 2016; POL 2017; POL 2018; POL 2019; PRT 2004; PRT 2005; PRT 2008; PRT 2012; ROU 1993; ROU 1994; ROU 1995; ROU 1996; ROU 1997; ROU 2004; ROU 2005; ROU 2006; SEN 1992; SEN 1993; SEN 1994; SEN 1995; SEN 1996; SEN 1997; SEN 1998; SEN 1999; SEN 2000; SEN 2001; SEN 2002; SEN 2003; SEN 2008; SEN 2009; SEN 2013; SRB 1999; SRB 2000; SRB 2010; SRB 2012; SLE 1992; SLE 1993; SLE 1994; SLE 1995; SLE 1996; SLE 1997; SLE 1998; SVN 2012; ESP 1992; ESP 1999; ESP 2010; ESP 2011; LKA 2008; SDN 1992; SDN 1993; SDN 1994; SDN 1995; SDN 1996; SDN 1997; SDN 1998; SDN 1999; SDN 2000; SDN 2001; SDN 2002; SDN 2003; SDN 2004; SDN 2005; SDN 2006; SDN 2007; SDN 2008; SDN 2009; SDN 2010; SDN 2011; SDN 2012; SDN 2013; SDN 2014; SDN 2015; SDN 2016; SDN 2017; SDN 2018; SDN 2019; SUR 2000; SUR 2001; SWE 2004; SWE 2009; TZA 1992; TZA 1994; TZA 1995; TZA 1996; TZA 1997; TZA 1998; TZA 1999; TZA 2000; TZA 2001; TZA 2002; TZA 2003; TZA 2004; TZA 2005; TZA 2007; TZA 2010; TZA 2013; TZA 2014; TZA 2015; TZA 2019; TGO 2013; TUN 1995; TUN 2004; TUN 2005; TUN 2011; TUN 2012; TUN 2013; TUN 2014; TUN 2015; TUN 2016; TUN 2017; TUN 2018; UGA 1992; UGA 1993; UGA 1994; UGA 1995; UGA 1996; UGA 1997; UGA 1998; UGA 1999; UGA 2000; UGA 2001; UGA 2002; UGA 2003; UGA 2004; UGA 2005; UGA 2006; UGA 2007; UGA 2008; UGA 2009; UGA 2010; UGA 2011; UGA 2012; UGA 2013; UGA 2014; UGA 2015; UGA 2016; UGA 2017; UGA 2018; UGA 2019; UKR 1994; UKR 1995; UKR 2012; UKR 2013; GBR 2008; GBR 2009; GBR 2010; GBR 2013; UZB 1992; UZB 1993; UZB 1994; UZB 1995; UZB 1996; UZB 1997; UZB 1998; UZB 1999; UZB 2000; UZB 2001; UZB 2002; UZB 2003; UZB 2004; UZB 2005; UZB 2006; UZB 2007; UZB 2008; UZB 2009; UZB 2010; UZB 2011; UZB 2012; UZB 2013; UZB 2014; UZB 2015; UZB 2016; UZB 2017; UZB 2018; UZB 2019; ZMB 1992; ZMB 1993; ZMB 1994; ZMB 2004; ZMB 2009; ZMB 2010; ZMB 2011; ZMB 2012; ZMB 2013; ZWE 1997; ZWE 1998; ZWE 1999; ZWE 2000; ZWE 2001; ZWE 2002; USA 2010; USA 2011; USA 2012; USA 2013; USA 2014; USA 2015; USA 2016; USA 2017; USA 2018,2331,3232
12,COL 2000 - 2016,COL,Mor 2022,disability_adjusted_life_years,healthcare_spending_pc,2000 - 2016,ACROSS,17,1,462,0.058823529411764705,0.0041753653444676405,ALB 2000; ALB 2001; ALB 2006; ALB 2015; ARG 2007; ARG 2012; ARG 2013; ARM 2000; ARM 2001; AUS 2002; AUS 2006; AUS 2008; AUS 2010; AUS 2011; AUS 2012; AUS 2013; AUS 2014; AUS 2015; AUS 2016; AUT 2003; AUT 2006; AUT 2007; AUT 2008; AUT 2009; AUT 2010; AUT 2011; AUT 2012; AUT 2013; AUT 2014; AUT 2015; AUT 2016; BGD 2000; BGD 2001; BGD 2002; BGD 2003; BGD 2004; BGD 2005; BGD 2006; BGD 2007; BGD 2010; BGD 2012; BGD 2013; BGD 2016; BEL 2003; BEL 2007; BEL 2008; BEL 2009; BEL 2010; BEL 2011; BEL 2012; BEL 2013; BEL 2014; BEL 2015; BEL 2016; BWA 2000; BWA 2001; BWA 2002; BWA 2003; BWA 2004; BWA 2005; BWA 2006; BWA 2007; BWA 2008; BWA 2009; BWA 2010; BWA 2012; BWA 2013; BWA 2014; BWA 2015; BWA 2016; BRA 2007; BGR 2011; BGR 2012; BGR 2014; BGR 2016; CMR 2002; CMR 2003; CMR 2004; CMR 2005; CMR 2006; CMR 2007; CAN 2005; CAN 2007; CAN 2008; CAN 2009; CAN 2010; CAN 2011; CAN 2012; CAN 2013; CAN 2014; CAN 2015; CAN 2016; CHL 2007; CHL 2012; CHL 2016; CHN 2000; CHN 2001; CHN 2002; CHN 2003; COL 2014; HRV 2008; CYP 2004; CYP 2006; DNK 2000; DNK 2001; DNK 2002; DNK 2003; DNK 2004; DNK 2005; DNK 2006; DNK 2007; DNK 2008; DNK 2009; DNK 2010; DNK 2011; DNK 2012; DNK 2013; DNK 2014; DNK 2015; DNK 2016; ECU 2000; EST 2006; FIN 2003; FIN 2006; FIN 2008; FIN 2009; FIN 2010; FIN 2011; FIN 2012; FIN 2013; FIN 2014; FIN 2015; FIN 2016; FRA 2002; FRA 2007; FRA 2008; FRA 2009; FRA 2010; FRA 2011; FRA 2012; FRA 2013; FRA 2014; FRA 2015; FRA 2016; DEU 2000; DEU 2003; DEU 2007; DEU 2008; DEU 2009; DEU 2010; DEU 2011; DEU 2012; DEU 2013; DEU 2014; DEU 2015; DEU 2016; GHA 2011; GHA 2013; GRC 2004; GRC 2011; HTI 2006; HTI 2010; HUN 2011; ISL 2000; ISL 2004; ISL 2005; ISL 2006; ISL 2007; ISL 2008; ISL 2010; ISL 2011; ISL 2012; ISL 2013; ISL 2014; ISL 2015; ISL 2016; IRL 2000; IRL 2002; IRL 2006; IRL 2007; IRL 2008; IRL 2009; IRL 2010; IRL 2011; IRL 2012; IRL 2013; IRL 2014; IRL 2015; IRL 2016; ISR 2000; ISR 2003; ISR 2006; ISR 2010; ITA 2002; ITA 2008; ITA 2009; ITA 2010; ITA 2011; ITA 2014; ITA 2016; JPN 2009; JPN 2010; JPN 2011; JPN 2012; JPN 2013; JPN 2014; JPN 2015; JPN 2016; KWT 2001; KWT 2008; LVA 2006; LBN 2012; LBN 2013; LSO 2000; LSO 2001; LSO 2002; LSO 2003; LSO 2004; LSO 2005; LSO 2006; LSO 2007; LSO 2008; LSO 2009; LSO 2011; LSO 2012; LSO 2016; LBR 2015; LTU 2007; LTU 2008; LUX 2000; LUX 2002; LUX 2003; LUX 2004; LUX 2005; LUX 2006; LUX 2007; LUX 2008; LUX 2009; LUX 2010; LUX 2011; LUX 2012; LUX 2013; LUX 2014; LUX 2015; LUX 2016; MWI 2000; MWI 2001; MEX 2007; MEX 2012; MEX 2014; MEX 2015; MNE 2013; MNE 2016; MOZ 2000; NAM 2000; NAM 2001; NAM 2002; NAM 2003; NAM 2004; NAM 2005; NAM 2006; NAM 2006; NAM 2007; NAM 2008; NAM 2009; NAM 2010; NAM 2011; NAM 2012; NAM 2013; NAM 2014; NAM 2015; NAM 2016; NLD 2003; NLD 2006; NLD 2007; NLD 2008; NLD 2009; NLD 2010; NLD 2011; NLD 2012; NLD 2013; NLD 2014; NLD 2015; NLD 2016; NZL 2010; NZL 2013; NZL 2014; NZL 2016; NGA 2000; NGA 2001; NGA 2002; NGA 2003; NGA 2004; NGA 2005; NGA 2006; NGA 2007; NGA 2008; NGA 2009; NGA 2010; NGA 2011; NGA 2016; NOR 2003; NOR 2004; NOR 2005; NOR 2006; NOR 2007; NOR 2008; NOR 2009; NOR 2010; NOR 2011; NOR 2012; NOR 2013; NOR 2014; NOR 2015; NOR 2016; PAN 2010; PHL 2002; PRT 2011; SRB 2011; SRB 2012; SRB 2014; SLE 2000; SLE 2001; SLE 2002; SLE 2003; SLE 2004; SLE 2005; SLE 2006; SLE 2007; SLE 2008; SLE 2009; SLE 2010; SLE 2011; SLE 2013; SLE 2014; SLE 2015; SLE 2016; SGP 2006; SGP 2007; SGP 2008; SGP 2009; SGP 2010; SGP 2011; SGP 2012; SGP 2013; SGP 2014; SGP 2016; SVN 2006; ZAF 2000; ZAF 2001; ZAF 2002; ZAF 2003; ZAF 2004; ZAF 2005; ZAF 2006; ZAF 2007; ZAF 2008; ZAF 2009; ZAF 2010; ZAF 2011; ZAF 2012; ZAF 2013; ZAF 2014; ZAF 2015; ZAF 2016; ESP 2006; ESP 2009; ESP 2010; ESP 2013; ESP 2014; ESP 2016; LKA 2001; LKA 2002; LKA 2003; SDN 2011; SDN 2013; SDN 2015; SUR 2000; SUR 2002; SUR 2003; SWE 2003; SWE 2006; SWE 2007; SWE 2008; SWE 2009; SWE 2010; SWE 2011; SWE 2012; SWE 2013; SWE 2014; SWE 2015; SWE 2016; CHE 2002; CHE 2003; CHE 2004; CHE 2005; CHE 2006; CHE 2007; CHE 2008; CHE 2009; CHE 2010; CHE 2011; CHE 2012; CHE 2013; CHE 2014; CHE 2015; CHE 2016; TTO 2006; GBR 2000; GBR 2003; GBR 2007; GBR 2008; GBR 2009; GBR 2010; GBR 2011; GBR 2012; GBR 2013; GBR 2014; GBR 2015; GBR 2016; VNM 2000; VNM 2001; VNM 2002; VNM 2003; VNM 2004; VNM 2005; VNM 2006; VNM 2007; VNM 2008; ZMB 2000; ZMB 2001; ZMB 2002; ZMB 2003; ZMB 2004; ZMB 2005; ZMB 2006; ZMB 2007; ZMB 2008; ZWE 2001; ZWE 2011; ZWE 2012; ZWE 2013; ZWE 2014; ZWE 2015; ZWE 2016; USA 2000; USA 2001; USA 2002; USA 2003; USA 2004; USA 2005; USA 2006; USA 2007; USA 2008; USA 2009; USA 2010; USA 2011; USA 2012; USA 2013; USA 2014; USA 2015; USA 2016,29,1965
13,NOR 1970 - 2013,NOR,"Choi 2022, Rogerson 2006",liberal_immigration_policy,natural_resources,1970 - 2013,ACROSS,44,22,1175,0.5,0.03609515996718622,ALB 2000; ALB 2010; ALB 2013; DZA 1974; DZA 1975; DZA 1976; DZA 1977; DZA 1978; DZA 1979; DZA 1980; DZA 1981; DZA 1982; DZA 1983; DZA 1984; DZA 1985; DZA 1986; DZA 1988; DZA 1989; DZA 1990; DZA 1991; DZA 1992; DZA 1993; DZA 1994; DZA 1995; DZA 1996; DZA 1997; DZA 1998; DZA 1999; DZA 2000; DZA 2001; DZA 2002; DZA 2003; DZA 2004; DZA 2005; DZA 2006; DZA 2007; DZA 2008; DZA 2009; DZA 2010; DZA 2011; DZA 2012; DZA 2013; ARG 1988; ARG 1996; ARM 1990; ARM 1991; ARM 2012; AUS 1970; AUS 1971; AUS 1974; AUS 1975; AUS 1976; AUS 1977; AUS 1978; AUS 1979; AUS 1980; AUS 1981; AUS 1982; AUS 1983; AUS 1984; AUS 1985; AUS 1986; AUS 1987; AUS 1988; AUS 1989; AUS 1990; AUS 2000; AUS 2004; AUS 2005; AUS 2007; AUS 2008; AUS 2009; AUS 2010; AUS 2011; AUS 2012; AUT 1974; AUT 1975; AUT 1976; AUT 1980; AUT 1981; AUT 1987; AUT 1991; AUT 1992; AZE 1970; AZE 1971; AZE 1972; AZE 1973; AZE 1974; AZE 1975; AZE 1976; AZE 1977; AZE 1978; AZE 1979; AZE 1980; AZE 1981; AZE 1982; AZE 1983; AZE 1984; AZE 1985; AZE 1986; AZE 1987; AZE 1988; AZE 1989; AZE 1990; AZE 1992; AZE 1993; AZE 1994; AZE 1995; AZE 1996; AZE 1997; AZE 1999; AZE 2000; AZE 2001; AZE 2002; AZE 2003; AZE 2004; AZE 2005; AZE 2006; AZE 2007; AZE 2008; AZE 2009; AZE 2010; AZE 2011; AZE 2012; AZE 2013; BGD 1986; BGD 1989; BGD 1992; BGD 1994; BGD 1995; BGD 1999; BGD 2011; BLR 1997; BLR 2003; BLR 2005; BLR 2008; BEL 1981; BEL 1983; BEN 1993; BEN 2002; BEN 2004; BEN 2005; BOL 1970; BOL 1971; BOL 1972; BOL 2006; BIH 1995; BIH 1996; BIH 1997; BIH 1999; BIH 2010; BIH 2013; BWA 1972; BWA 1973; BWA 1974; BWA 1975; BWA 1976; BWA 1977; BWA 1978; BWA 1979; BWA 1980; BWA 1981; BWA 1982; BWA 1986; BWA 1988; BWA 1989; BWA 1991; BWA 1992; BWA 1993; BWA 1994; BWA 1998; BWA 2004; BWA 2007; BWA 2008; BRA 1970; BRA 1977; BRA 2003; BGR 1981; BGR 1983; BGR 1989; BGR 1995; BGR 1999; BGR 2001; BGR 2008; BGR 2012; BFA 1987; KHM 1974; KHM 1979; KHM 1981; KHM 1987; KHM 1992; KHM 1993; KHM 1998; KHM 2010; CMR 1980; CMR 1981; CMR 1987; CMR 1989; CAN 1970; CAN 1971; CAN 1972; CAN 1973; CAN 1974; CAN 1975; CAN 1976; CAN 1977; CAN 1978; CAN 1979; CAN 1980; CAN 1981; CAN 1988; CAN 1989; CAN 1996; CAN 2000; CAN 2001; CAN 2002; CAN 2003; CAN 2004; CAN 2005; CAN 2006; CAN 2007; CAN 2008; CAN 2009; CAN 2010; CAN 2011; CHL 1970; CHL 1995; CHL 2006; CHL 2007; CHL 2008; CHL 2009; CHL 2011; CHL 2013; CHN 1970; CHN 1979; CHN 1980; CHN 1981; CHN 1982; CHN 1987; CHN 2000; CHN 2002; COL 1973; COL 1995; CRI 1971; CRI 1981; CRI 1983; CRI 1990; CRI 1995; CRI 1998; CRI 2006; CRI 2008; HRV 1993; HRV 1994; HRV 2004; HRV 2005; CYP 1977; CYP 1979; DNK 1981; DNK 2000; DNK 2007; DNK 2010; DNK 2012; DOM 1970; DOM 1980; DOM 1981; DOM 1987; DOM 2006; ECU 2000; ECU 2005; ECU 2006; ECU 2007; ECU 2008; ECU 2011; ECU 2012; SLV 1970; SLV 1972; SLV 1974; SLV 1976; SLV 1983; SLV 1990; SLV 1998; SLV 2009; SLV 2011; EST 2004; EST 2007; EST 2009; EST 2010; FIN 1974; FIN 1982; FIN 1986; FRA 1974; FRA 1979; FRA 1980; FRA 1981; FRA 1982; GEO 1998; DEU 1972; DEU 1980; DEU 1990; DEU 2010; DEU 2011; GHA 1979; GHA 2001; GHA 2002; GHA 2003; GHA 2004; GHA 2007; GHA 2010; GHA 2011; GHA 2012; GRC 1973; GRC 1982; GTM 1982; GTM 1989; GTM 1992; GTM 1995; GTM 1997; GTM 1998; GTM 2001; GTM 2002; GTM 2007; GIN 1986; GIN 1987; GIN 1988; GIN 1989; GIN 1990; GIN 1991; GIN 1992; GIN 1993; GIN 1995; GIN 2003; GIN 2005; GIN 2006; GIN 2007; GIN 2009; GIN 2011; GIN 2012; GUY 1970; GUY 1971; GUY 1972; GUY 1973; GUY 1974; GUY 1975; GUY 1976; GUY 1977; GUY 1978; GUY 1979; GUY 1980; GUY 1981; GUY 1982; GUY 1983; GUY 1984; GUY 1985; GUY 1986; GUY 1987; GUY 1988; GUY 1989; GUY 1990; GUY 1991; GUY 1992; GUY 1993; GUY 1994; GUY 1995; GUY 1996; GUY 1997; GUY 1998; GUY 1999; GUY 2000; GUY 2003; GUY 2004; GUY 2005; GUY 2010; GUY 2011; GUY 2012; HTI 1984; HTI 1995; HTI 1999; HTI 2010; HND 1985; HND 1988; HND 1996; HND 2003; HND 2005; HND 2008; HUN 1998; HUN 2000; HUN 2008; HUN 2012; ISL 1972; ISL 1974; ISL 1981; ISL 1983; ISL 1997; ISL 2004; ISL 2011; ISL 2012; IND 1975; IND 1979; IND 1984; IND 2004; IDN 1974; IDN 1975; IDN 1976; IDN 1977; IDN 1978; IDN 1979; IDN 1980; IDN 1981; IDN 2005; IRQ 1970; IRQ 1971; IRQ 1972; IRQ 1973; IRQ 1974; IRQ 1975; IRQ 1976; IRQ 1977; IRQ 1978; IRQ 1979; IRQ 1980; IRQ 1981; IRQ 1982; IRQ 1983; IRQ 1984; IRQ 1985; IRQ 1986; IRQ 1987; IRQ 1988; IRQ 1989; IRQ 1991; IRQ 1992; IRQ 1993; IRQ 1994; IRQ 1995; IRQ 1996; IRQ 1997; IRQ 1998; IRQ 1999; IRQ 2000; IRQ 2001; IRQ 2002; IRQ 2003; IRQ 2004; IRQ 2005; IRQ 2006; IRQ 2007; IRQ 2008; IRQ 2009; IRQ 2010; IRQ 2011; IRQ 2012; IRQ 2013; IRL 1972; IRL 1988; IRL 1990; IRL 2006; IRL 2007; ITA 1979; ITA 1980; ITA 2007; JAM 1983; JAM 2000; JAM 2001; JAM 2002; JPN 1970; JPN 1971; JPN 1973; JOR 1982; JOR 1982; JOR 1983; JOR 1985; JOR 1989; JOR 1990; JOR 1991; JOR 1992; JOR 1993; JOR 1994; JOR 2006; JOR 2013; KAZ 1970; KAZ 1971; KAZ 1972; KAZ 1973; KAZ 1974; KAZ 1975; KAZ 1976; KAZ 1977; KAZ 1978; KAZ 1979; KAZ 1980; KAZ 1981; KAZ 1982; KAZ 1983; KAZ 1984; KAZ 1985; KAZ 1986; KAZ 1987; KAZ 1988; KAZ 1989; KAZ 1990; KAZ 2000; KAZ 2001; KAZ 2002; KAZ 2003; KAZ 2004; KAZ 2005; KAZ 2006; KAZ 2007; KAZ 2008; KAZ 2009; KAZ 2010; KAZ 2011; KAZ 2012; KAZ 2013; KEN 1974; KWT 1970; KWT 1971; KWT 1972; KWT 1973; KWT 1974; KWT 1975; KWT 1976; KWT 1977; KWT 1978; KWT 1979; KWT 1980; KWT 1981; KWT 1982; KWT 1983; KWT 1984; KWT 1985; KWT 1986; KWT 1987; KWT 1988; KWT 1989; KWT 1990; KWT 1991; KWT 1992; KWT 1993; KWT 1994; KWT 1995; KWT 1996; KWT 1997; KWT 1998; KWT 1999; KWT 2000; KWT 2001; KWT 2002; KWT 2003; KWT 2004; KWT 2005; KWT 2006; KWT 2007; KWT 2008; KWT 2009; KWT 2010; KWT 2011; KWT 2012; KWT 2013; LVA 2002; LVA 2008; LBN 1971; LBN 1976; LBN 1980; LBN 1999; LBN 2004; LBN 2012; LBN 2013; LSO 1970; LSO 1971; LSO 1972; LSO 1973; LSO 1974; LSO 1975; LSO 1976; LSO 1979; LSO 1987; LBR 1970; LBR 1971; LBR 1972; LBR 1973; LBR 1974; LBR 1975; LBR 1976; LBR 1977; LBR 1978; LBR 1979; LBR 1980; LBR 1981; LBR 1982; LBR 1983; LBR 1984; LBR 1985; LBR 1986; LBR 1987; LBR 1988; LBR 1989; LBR 1990; LBR 1991; LBR 1992; LBR 1993; LBR 1994; LBR 1995; LBR 1996; LBR 1997; LBR 1998; LBR 1999; LBR 2000; LBR 2001; LBR 2002; LBR 2003; LBR 2004; LBR 2005; LBR 2006; LBR 2007; LBR 2008; LBR 2009; LBR 2010; LBR 2011; LBR 2012; LBR 2013; LBY 1970; LBY 1971; LBY 1972; LBY 1973; LBY 1974; LBY 1975; LBY 1976; LBY 1977; LBY 1978; LBY 1979; LBY 1980; LBY 1981; LBY 1982; LBY 1983; LBY 1984; LBY 1985; LBY 1986; LBY 1987; LBY 1988; LBY 1989; LBY 1990; LBY 1991; LBY 1992; LBY 1993; LBY 1994; LBY 1995; LBY 1996; LBY 1997; LBY 1998; LBY 1999; LBY 2000; LBY 2001; LBY 2002; LBY 2003; LBY 2004; LBY 2005; LBY 2006; LBY 2007; LBY 2008; LBY 2009; LBY 2010; LBY 2011; LBY 2012; LBY 2013; LTU 1999; LTU 2003; LUX 2008; LUX 2009; LUX 2010; LUX 2011; LUX 2012; LUX 2013; MWI 1977; MWI 1978; MWI 1979; MWI 1980; MWI 1981; MWI 1982; MWI 1983; MWI 1987; MWI 1988; MWI 1989; MWI 1990; MWI 1992; MWI 1995; MWI 2000; MWI 2013; MYS 1970; MYS 1971; MYS 1972; MYS 1973; MYS 1974; MYS 1975; MYS 1976; MYS 1977; MYS 1978; MYS 1979; MYS 1980; MYS 1981; MYS 1982; MYS 1983; MYS 1984; MYS 1985; MYS 1986; MYS 1987; MYS 1988; MYS 1989; MYS 1990; MYS 1991; MYS 1992; MYS 1993; MYS 1994; MYS 1995; MYS 1996; MYS 1997; MYS 1998; MYS 2000; MYS 2001; MYS 2002; MYS 2003; MYS 2004; MYS 2005; MYS 2006; MYS 2007; MYS 2008; MYS 2009; MYS 2010; MYS 2011; MYS 2012; MYS 2013; MLI 1971; MLI 1972; MLI 1998; MEX 1971; MEX 1997; MDA 1998; MDA 2002; MDA 2005; MDA 2007; MNG 1972; MNG 1974; MNG 1975; MNG 1976; MNG 1977; MNG 1986; MNG 1999; MNG 2004; MNG 2005; MNG 2006; MNG 2007; MNG 2008; MNG 2009; MNG 2010; MNG 2011; MNG 2012; MNG 2013; MNE 2005; MNE 2008; MAR 1987; MAR 1999; MAR 2002; MAR 2005; MAR 2012; MOZ 1971; MOZ 1972; MOZ 1973; MOZ 1977; MOZ 1978; MOZ 1979; MOZ 1993; MOZ 1994; MOZ 1995; MOZ 1996; MOZ 1998; MOZ 2010; NAM 1970; NAM 1971; NAM 1972; NAM 1973; NAM 1974; NAM 1975; NAM 1976; NAM 1977; NAM 1978; NAM 1979; NAM 1988; NAM 1989; NAM 1990; NAM 1992; NAM 2000; NAM 2002; NAM 2012; NLD 1970; NLD 1979; NLD 1980; NLD 1983; NLD 2006; NLD 2007; NZL 1970; NZL 1972; NZL 1973; NZL 1974; NZL 1976; NZL 1990; NZL 1991; NZL 1992; NZL 1994; NZL 1995; NZL 2002; NZL 2003; NZL 2009; NZL 2013; NIC 1983; NIC 1995; NIC 1998; NIC 2006; NIC 2008; NER 2001; NER 2012; NGA 1974; NGA 1975; NGA 1976; NGA 1977; NGA 1978; NGA 1979; NGA 1980; NGA 1984; NGA 1989; NGA 1990; NGA 1991; NGA 1992; NGA 1993; NGA 1994; NGA 1995; NGA 1996; NGA 1997; NGA 2000; NGA 2001; NGA 2003; NGA 2004; NGA 2005; NGA 2006; NGA 2007; NGA 2008; NGA 2011; NGA 2012; NOR 1982; NOR 1983; NOR 1987; NOR 1988; NOR 1992; NOR 1993; NOR 1996; NOR 1997; NOR 2000; NOR 2001; NOR 2002; NOR 2003; NOR 2004; NOR 2005; NOR 2006; NOR 2007; NOR 2008; NOR 2009; NOR 2010; NOR 2011; NOR 2012; NOR 2013; PAK 1971; PAK 1979; PAK 1980; PAK 1981; PAK 1995; PAK 1999; PAN 1982; PAN 1997; PRY 1977; PRY 1989; PRY 1990; PRY 1999; PRY 2001; PRY 2007; PER 1980; PER 1988; PER 1989; PER 1995; PHL 1976; PHL 1997; PHL 2008; POL 1996; POL 2000; POL 2003; POL 2006; POL 2013; PRT 1994; PRT 1995; PRT 2006; PRT 2007; PRT 2010; PRT 2013; ROU 1996; ROU 2005; SEN 1988; SEN 1995; SEN 2004; SEN 2005; SEN 2006; SRB 1995; SRB 1998; SRB 2001; SRB 2004; SLE 1976; SLE 1983; SLE 1986; SLE 1987; SLE 1988; SLE 1990; SLE 1991; SLE 1992; SLE 1995; SLE 1996; SLE 1997; SLE 1998; SLE 2000; SLE 2001; SLE 2002; SLE 2003; SLE 2004; SLE 2009; SLE 2010; SLE 2011; SGP 1970; SGP 1971; SGP 1972; SGP 1975; SGP 1976; SGP 1977; SGP 1978; SGP 1991; SGP 1992; SGP 2006; SGP 2007; SGP 2008; SGP 2009; SGP 2010; SGP 2011; SGP 2012; SGP 2013; SVN 1989; SVN 1990; SVN 1995; SVN 1996; SVN 2009; ZAF 1977; ZAF 1979; ZAF 1980; ZAF 1981; ZAF 1982; ZAF 1984; ZAF 1985; ZAF 1986; ZAF 1987; ZAF 1988; ZAF 1989; ZAF 1990; ESP 1970; ESP 1975; ESP 1978; ESP 1988; ESP 2002; ESP 2007; LKA 1980; LKA 1981; LKA 1983; LKA 2001; LKA 2002; LKA 2003; LKA 2007; SDN 1972; SDN 1973; SDN 1983; SDN 1987; SDN 1990; SDN 1991; SDN 1994; SDN 1996; SDN 2004; SDN 2008; SDN 2011; SUR 1970; SUR 1971; SUR 1972; SUR 1973; SUR 1974; SUR 1975; SUR 1976; SUR 1977; SUR 1978; SUR 1980; SUR 1989; SUR 1990; SUR 1991; SUR 1992; SUR 1993; SUR 1995; SUR 1999; SUR 2000; SUR 2002; SUR 2005; SUR 2007; SUR 2008; SUR 2010; SUR 2011; SUR 2012; SUR 2013; SWE 1982; SWE 1983; SWE 1992; SWE 2007; SWE 2008; SWE 2012; SWE 2013; TZA 1993; TZA 1994; THA 1972; THA 1986; THA 1987; THA 1990; THA 1992; THA 1993; THA 1994; THA 2002; THA 2008; THA 2010; TGO 1970; TGO 1974; TGO 1975; TGO 1977; TGO 1981; TGO 1982; TGO 1983; TGO 1984; TGO 1994; TGO 1995; TGO 1996; TGO 1997; TGO 1998; TGO 1999; TGO 2006; TGO 2008; TGO 2009; TGO 2011; TGO 2012; TGO 2013; TTO 1974; TTO 1975; TTO 1976; TTO 1977; TTO 1978; TTO 1979; TTO 1980; TTO 1981; TTO 1982; TTO 1984; TTO 1986; TTO 1987; TTO 1989; TTO 1990; TTO 1998; TTO 2001; TTO 2005; TTO 2006; TTO 2007; TTO 2009; TTO 2011; TTO 2012; TTO 2013; TUN 1979; TUN 1980; UGA 1978; UGA 1979; UGA 1980; UGA 1981; UGA 1982; UGA 1983; UGA 1989; UGA 1990; UGA 1991; UGA 1992; UGA 1993; UGA 1994; UGA 1995; UGA 1996; UGA 1997; UGA 1998; UGA 2003; UGA 2004; UGA 2007; UGA 2008; UKR 1989; GBR 1975; GBR 1993; GBR 1994; GBR 1995; GBR 1996; GBR 2004; GBR 2005; GBR 2007; GBR 2008; GBR 2009; GBR 2010; GBR 2012; GBR 2013; URY 1971; URY 1978; URY 2000; URY 2008; UZB 1997; UZB 2001; UZB 2002; UZB 2003; UZB 2004; UZB 2005; UZB 2006; UZB 2007; UZB 2008; UZB 2009; UZB 2010; UZB 2011; UZB 2012; UZB 2013; VNM 1971; VNM 1988; VNM 1992; ZMB 1970; ZMB 1971; ZMB 1972; ZMB 1973; ZMB 1974; ZMB 1976; ZMB 1978; ZMB 1979; ZMB 1980; ZMB 1988; ZMB 1989; ZMB 1990; ZMB 2003; ZMB 2004; ZMB 2005; ZMB 2006; ZMB 2007; ZMB 2008; ZMB 2009; ZMB 2010; ZMB 2011; ZWE 1980; ZWE 1982; ZWE 2007; ZWE 2008; USA 1970; USA 1971; USA 1972; USA 1974; USA 1975; USA 1976; USA 1977; USA 1978; USA 1979; USA 1980; USA 1981; USA 1987; USA 1997; USA 1999; USA 2005,699,5082
